PRAGMA foreign_keys=OFF;
BEGIN TRANSACTION;
CREATE TABLE IF NOT EXISTS "django_migrations" ("id" integer NOT NULL PRIMARY KEY AUTOINCREMENT, "app" varchar(255) NOT NULL, "name" varchar(255) NOT NULL, "applied" datetime NOT NULL);
INSERT INTO django_migrations VALUES(1,'contenttypes','0001_initial','2018-06-26 05:34:50.112027');
INSERT INTO django_migrations VALUES(2,'auth','0001_initial','2018-06-26 05:34:50.132979');
INSERT INTO django_migrations VALUES(3,'admin','0001_initial','2018-06-26 05:34:50.145627');
INSERT INTO django_migrations VALUES(4,'admin','0002_logentry_remove_auto_add','2018-06-26 05:34:50.163678');
INSERT INTO django_migrations VALUES(5,'contenttypes','0002_remove_content_type_name','2018-06-26 05:34:50.198353');
INSERT INTO django_migrations VALUES(6,'auth','0002_alter_permission_name_max_length','2018-06-26 05:34:50.209424');
INSERT INTO django_migrations VALUES(7,'auth','0003_alter_user_email_max_length','2018-06-26 05:34:50.222415');
INSERT INTO django_migrations VALUES(8,'auth','0004_alter_user_username_opts','2018-06-26 05:34:50.235972');
INSERT INTO django_migrations VALUES(9,'auth','0005_alter_user_last_login_null','2018-06-26 05:34:50.250653');
INSERT INTO django_migrations VALUES(10,'auth','0006_require_contenttypes_0002','2018-06-26 05:34:50.252338');
INSERT INTO django_migrations VALUES(11,'auth','0007_alter_validators_add_error_messages','2018-06-26 05:34:50.268165');
INSERT INTO django_migrations VALUES(12,'auth','0008_alter_user_username_max_length','2018-06-26 05:34:50.283087');
INSERT INTO django_migrations VALUES(13,'auth','0009_alter_user_last_name_max_length','2018-06-26 05:34:50.297553');
INSERT INTO django_migrations VALUES(14,'sessions','0001_initial','2018-06-26 05:34:50.302394');
INSERT INTO django_migrations VALUES(15,'reports','0001_initial','2018-06-28 04:54:51.053553');
INSERT INTO django_migrations VALUES(16,'reports','0002_auto_20180627_2234','2018-06-28 05:34:31.454045');
INSERT INTO django_migrations VALUES(17,'reports','0003_auto_20180702_2037','2018-07-03 03:37:21.980946');
INSERT INTO django_migrations VALUES(18,'reports','0004_auto_20180702_2040','2018-07-03 03:40:47.713462');
INSERT INTO django_migrations VALUES(19,'reports','0005_auto_20180702_2043','2018-07-03 03:43:10.604555');
INSERT INTO django_migrations VALUES(20,'reports','0006_auto_20180702_2043','2018-07-03 03:43:39.897640');
INSERT INTO django_migrations VALUES(21,'reports','0007_auto_20180702_2311','2018-07-03 06:11:55.410877');
INSERT INTO django_migrations VALUES(22,'reports','0008_auto_20180702_2321','2018-07-03 06:21:34.344268');
INSERT INTO django_migrations VALUES(23,'reports','0009_stock_aquirersmultiple','2018-07-06 02:57:49.504524');
INSERT INTO django_migrations VALUES(24,'reports','0010_stock_one_yr_change','2018-07-11 06:40:42.452141');
INSERT INTO django_migrations VALUES(25,'reports','0011_report_is_a_value_scan','2018-07-14 02:45:49.808027');
INSERT INTO django_migrations VALUES(26,'reports','0012_stock_revenue_growth','2018-07-15 03:38:31.498680');
INSERT INTO django_migrations VALUES(27,'reports','0013_auto_20180722_2350','2018-07-23 06:50:10.333237');
INSERT INTO django_migrations VALUES(28,'reports','0014_auto_20180723_0708','2018-07-23 14:09:00.527477');
CREATE TABLE IF NOT EXISTS "auth_group" ("id" integer NOT NULL PRIMARY KEY AUTOINCREMENT, "name" varchar(80) NOT NULL UNIQUE);
CREATE TABLE IF NOT EXISTS "auth_group_permissions" ("id" integer NOT NULL PRIMARY KEY AUTOINCREMENT, "group_id" integer NOT NULL REFERENCES "auth_group" ("id") DEFERRABLE INITIALLY DEFERRED, "permission_id" integer NOT NULL REFERENCES "auth_permission" ("id") DEFERRABLE INITIALLY DEFERRED);
CREATE TABLE IF NOT EXISTS "auth_user_groups" ("id" integer NOT NULL PRIMARY KEY AUTOINCREMENT, "user_id" integer NOT NULL REFERENCES "auth_user" ("id") DEFERRABLE INITIALLY DEFERRED, "group_id" integer NOT NULL REFERENCES "auth_group" ("id") DEFERRABLE INITIALLY DEFERRED);
CREATE TABLE IF NOT EXISTS "auth_user_user_permissions" ("id" integer NOT NULL PRIMARY KEY AUTOINCREMENT, "user_id" integer NOT NULL REFERENCES "auth_user" ("id") DEFERRABLE INITIALLY DEFERRED, "permission_id" integer NOT NULL REFERENCES "auth_permission" ("id") DEFERRABLE INITIALLY DEFERRED);
CREATE TABLE IF NOT EXISTS "django_admin_log" ("id" integer NOT NULL PRIMARY KEY AUTOINCREMENT, "object_id" text NULL, "object_repr" varchar(200) NOT NULL, "action_flag" smallint unsigned NOT NULL, "change_message" text NOT NULL, "content_type_id" integer NULL REFERENCES "django_content_type" ("id") DEFERRABLE INITIALLY DEFERRED, "user_id" integer NOT NULL REFERENCES "auth_user" ("id") DEFERRABLE INITIALLY DEFERRED, "action_time" datetime NOT NULL);
INSERT INTO django_admin_log VALUES(1,'1','Stock object (1)',1,'[{"added": {}}]',8,1,'2018-06-28 05:34:43.947280');
INSERT INTO django_admin_log VALUES(2,'1','AAPL',3,'',8,1,'2018-06-28 05:42:02.340614');
INSERT INTO django_admin_log VALUES(3,'2','AAPL',1,'[{"added": {}}]',8,1,'2018-06-28 05:42:10.559714');
INSERT INTO django_admin_log VALUES(4,'1','52 week high',1,'[{"added": {}}]',7,1,'2018-06-28 05:43:52.998716');
INSERT INTO django_admin_log VALUES(5,'3','NTNX',1,'[{"added": {}}]',8,1,'2018-06-28 05:44:50.962459');
INSERT INTO django_admin_log VALUES(6,'1','52 week highs',1,'[{"added": {}}]',9,1,'2018-06-28 05:45:06.427692');
INSERT INTO django_admin_log VALUES(7,'1','52 week highs',2,'[{"changed": {"fields": ["stocks"]}}]',9,1,'2018-06-28 05:45:19.865802');
INSERT INTO django_admin_log VALUES(8,'4','NVDA',1,'[{"added": {}}]',8,1,'2018-06-28 05:45:42.345306');
INSERT INTO django_admin_log VALUES(9,'1','52 week highs',2,'[{"changed": {"fields": ["stocks"]}}]',9,1,'2018-06-28 05:45:48.585696');
INSERT INTO django_admin_log VALUES(10,'1','52 week highs',2,'[{"changed": {"fields": ["name"]}}]',7,1,'2018-06-28 05:51:36.968686');
INSERT INTO django_admin_log VALUES(11,'2','AAPL',2,'[{"changed": {"fields": ["name", "fiftyTwoWkHigh", "fiftyTwoWkLow", "avgVolume", "twentyDayAvgVol", "exchange", "lastPrice", "netChange", "percentChange", "open_price", "high_price", "low_price", "close_price", "volume"]}}]',8,1,'2018-06-30 07:09:57.482934');
INSERT INTO django_admin_log VALUES(12,'4','NVDA',2,'[{"changed": {"fields": ["name", "fiftyTwoWkHigh", "fiftyTwoWkLow", "avgVolume", "twentyDayAvgVol", "exchange", "lastPrice", "netChange", "percentChange", "open_price", "high_price", "low_price", "close_price", "volume"]}}]',8,1,'2018-06-30 07:33:55.683925');
INSERT INTO django_admin_log VALUES(13,'2','growthstocks',1,'[{"added": {}}]',7,1,'2018-07-03 03:40:10.512548');
INSERT INTO django_admin_log VALUES(14,'2','growthstocks',2,'[{"changed": {"fields": ["description"]}}]',7,1,'2018-07-03 03:41:12.621442');
INSERT INTO django_admin_log VALUES(15,'1','52 week highs',3,'',7,1,'2018-07-03 03:41:33.482029');
INSERT INTO django_admin_log VALUES(16,'2','Growth Stocks',1,'[{"added": {}}]',9,1,'2018-07-03 03:42:25.344031');
INSERT INTO django_admin_log VALUES(17,'3','test',1,'[{"added": {}}]',9,1,'2018-07-03 03:44:01.271538');
INSERT INTO django_admin_log VALUES(18,'3','test',3,'',9,1,'2018-07-03 03:44:12.051543');
INSERT INTO django_admin_log VALUES(19,'329','PSTG',3,'',8,1,'2018-07-03 05:56:54.636033');
INSERT INTO django_admin_log VALUES(20,'328','WYNN',3,'',8,1,'2018-07-03 05:56:54.645415');
INSERT INTO django_admin_log VALUES(21,'327','HALO',3,'',8,1,'2018-07-03 05:56:54.647811');
INSERT INTO django_admin_log VALUES(22,'326','MPLX',3,'',8,1,'2018-07-03 05:56:54.649571');
INSERT INTO django_admin_log VALUES(23,'325','CLVS',3,'',8,1,'2018-07-03 05:56:54.651859');
INSERT INTO django_admin_log VALUES(24,'324','SHW',3,'',8,1,'2018-07-03 05:56:54.653573');
INSERT INTO django_admin_log VALUES(25,'323','EXPD',3,'',8,1,'2018-07-03 05:56:54.655312');
INSERT INTO django_admin_log VALUES(26,'322','TXT',3,'',8,1,'2018-07-03 05:56:54.657187');
INSERT INTO django_admin_log VALUES(27,'321','EGN',3,'',8,1,'2018-07-03 05:56:54.658547');
INSERT INTO django_admin_log VALUES(28,'320','DOC',3,'',8,1,'2018-07-03 05:56:54.660484');
INSERT INTO django_admin_log VALUES(29,'319','INCY',3,'',8,1,'2018-07-03 05:56:54.662525');
INSERT INTO django_admin_log VALUES(30,'318','UCTT',3,'',8,1,'2018-07-03 05:56:54.664183');
INSERT INTO django_admin_log VALUES(31,'317','PE',3,'',8,1,'2018-07-03 05:56:54.665815');
INSERT INTO django_admin_log VALUES(32,'316','FANG',3,'',8,1,'2018-07-03 05:56:54.667242');
INSERT INTO django_admin_log VALUES(33,'315','MDVN',3,'',8,1,'2018-07-03 05:56:54.668926');
INSERT INTO django_admin_log VALUES(34,'314','KIM',3,'',8,1,'2018-07-03 05:56:54.671155');
INSERT INTO django_admin_log VALUES(35,'313','APC',3,'',8,1,'2018-07-03 05:56:54.672732');
INSERT INTO django_admin_log VALUES(36,'312','NTNX',3,'',8,1,'2018-07-03 05:56:54.674575');
INSERT INTO django_admin_log VALUES(37,'311','EXEL',3,'',8,1,'2018-07-03 05:56:54.676050');
INSERT INTO django_admin_log VALUES(38,'310','FOLD',3,'',8,1,'2018-07-03 05:56:54.677529');
INSERT INTO django_admin_log VALUES(39,'309','RSPP',3,'',8,1,'2018-07-03 05:56:54.678976');
INSERT INTO django_admin_log VALUES(40,'308','AIV',3,'',8,1,'2018-07-03 05:56:54.680389');
INSERT INTO django_admin_log VALUES(41,'307','SGMO',3,'',8,1,'2018-07-03 05:56:54.681711');
INSERT INTO django_admin_log VALUES(42,'306','PSTG',3,'',8,1,'2018-07-03 05:56:54.683189');
INSERT INTO django_admin_log VALUES(43,'305','WYNN',3,'',8,1,'2018-07-03 05:56:54.684536');
INSERT INTO django_admin_log VALUES(44,'304','HALO',3,'',8,1,'2018-07-03 05:56:54.686008');
INSERT INTO django_admin_log VALUES(45,'303','MPLX',3,'',8,1,'2018-07-03 05:56:54.687302');
INSERT INTO django_admin_log VALUES(46,'302','CLVS',3,'',8,1,'2018-07-03 05:56:54.688529');
INSERT INTO django_admin_log VALUES(47,'301','SHW',3,'',8,1,'2018-07-03 05:56:54.689760');
INSERT INTO django_admin_log VALUES(48,'300','EXPD',3,'',8,1,'2018-07-03 05:56:54.691025');
INSERT INTO django_admin_log VALUES(49,'299','TXT',3,'',8,1,'2018-07-03 05:56:54.692302');
INSERT INTO django_admin_log VALUES(50,'298','EGN',3,'',8,1,'2018-07-03 05:56:54.693576');
INSERT INTO django_admin_log VALUES(51,'297','DOC',3,'',8,1,'2018-07-03 05:56:54.694826');
INSERT INTO django_admin_log VALUES(52,'296','INCY',3,'',8,1,'2018-07-03 05:56:54.696160');
INSERT INTO django_admin_log VALUES(53,'295','UCTT',3,'',8,1,'2018-07-03 05:56:54.697375');
INSERT INTO django_admin_log VALUES(54,'294','PE',3,'',8,1,'2018-07-03 05:56:54.698532');
INSERT INTO django_admin_log VALUES(55,'293','FANG',3,'',8,1,'2018-07-03 05:56:54.699773');
INSERT INTO django_admin_log VALUES(56,'292','MDVN',3,'',8,1,'2018-07-03 05:56:54.701110');
INSERT INTO django_admin_log VALUES(57,'291','KIM',3,'',8,1,'2018-07-03 05:56:54.702400');
INSERT INTO django_admin_log VALUES(58,'290','APC',3,'',8,1,'2018-07-03 05:56:54.703661');
INSERT INTO django_admin_log VALUES(59,'289','NTNX',3,'',8,1,'2018-07-03 05:56:54.704794');
INSERT INTO django_admin_log VALUES(60,'288','EXEL',3,'',8,1,'2018-07-03 05:56:54.705920');
INSERT INTO django_admin_log VALUES(61,'287','FOLD',3,'',8,1,'2018-07-03 05:56:54.707061');
INSERT INTO django_admin_log VALUES(62,'286','RSPP',3,'',8,1,'2018-07-03 05:56:54.708177');
INSERT INTO django_admin_log VALUES(63,'285','AIV',3,'',8,1,'2018-07-03 05:56:54.709289');
INSERT INTO django_admin_log VALUES(64,'284','SGMO',3,'',8,1,'2018-07-03 05:56:54.710407');
INSERT INTO django_admin_log VALUES(65,'283','PSTG',3,'',8,1,'2018-07-03 05:56:54.711581');
INSERT INTO django_admin_log VALUES(66,'282','WYNN',3,'',8,1,'2018-07-03 05:56:54.712705');
INSERT INTO django_admin_log VALUES(67,'281','HALO',3,'',8,1,'2018-07-03 05:56:54.714052');
INSERT INTO django_admin_log VALUES(68,'280','MPLX',3,'',8,1,'2018-07-03 05:56:54.715373');
INSERT INTO django_admin_log VALUES(69,'279','CLVS',3,'',8,1,'2018-07-03 05:56:54.716773');
INSERT INTO django_admin_log VALUES(70,'278','SHW',3,'',8,1,'2018-07-03 05:56:54.718393');
INSERT INTO django_admin_log VALUES(71,'277','EXPD',3,'',8,1,'2018-07-03 05:56:54.719770');
INSERT INTO django_admin_log VALUES(72,'276','TXT',3,'',8,1,'2018-07-03 05:56:54.721168');
INSERT INTO django_admin_log VALUES(73,'275','EGN',3,'',8,1,'2018-07-03 05:56:54.722322');
INSERT INTO django_admin_log VALUES(74,'274','DOC',3,'',8,1,'2018-07-03 05:56:54.723525');
INSERT INTO django_admin_log VALUES(75,'273','INCY',3,'',8,1,'2018-07-03 05:56:54.725132');
INSERT INTO django_admin_log VALUES(76,'272','UCTT',3,'',8,1,'2018-07-03 05:56:54.726622');
INSERT INTO django_admin_log VALUES(77,'271','PE',3,'',8,1,'2018-07-03 05:56:54.727864');
INSERT INTO django_admin_log VALUES(78,'270','FANG',3,'',8,1,'2018-07-03 05:56:54.729445');
INSERT INTO django_admin_log VALUES(79,'269','MDVN',3,'',8,1,'2018-07-03 05:56:54.730653');
INSERT INTO django_admin_log VALUES(80,'268','KIM',3,'',8,1,'2018-07-03 05:56:54.732300');
INSERT INTO django_admin_log VALUES(81,'267','APC',3,'',8,1,'2018-07-03 05:56:54.733980');
INSERT INTO django_admin_log VALUES(82,'266','NTNX',3,'',8,1,'2018-07-03 05:56:54.735531');
INSERT INTO django_admin_log VALUES(83,'265','EXEL',3,'',8,1,'2018-07-03 05:56:54.737475');
INSERT INTO django_admin_log VALUES(84,'264','FOLD',3,'',8,1,'2018-07-03 05:56:54.739438');
INSERT INTO django_admin_log VALUES(85,'263','RSPP',3,'',8,1,'2018-07-03 05:56:54.740818');
INSERT INTO django_admin_log VALUES(86,'262','AIV',3,'',8,1,'2018-07-03 05:56:54.742022');
INSERT INTO django_admin_log VALUES(87,'261','SGMO',3,'',8,1,'2018-07-03 05:56:54.743255');
INSERT INTO django_admin_log VALUES(88,'260','PSTG',3,'',8,1,'2018-07-03 05:56:54.744554');
INSERT INTO django_admin_log VALUES(89,'259','WYNN',3,'',8,1,'2018-07-03 05:56:54.745873');
INSERT INTO django_admin_log VALUES(90,'258','HALO',3,'',8,1,'2018-07-03 05:56:54.747118');
INSERT INTO django_admin_log VALUES(91,'257','MPLX',3,'',8,1,'2018-07-03 05:56:54.748283');
INSERT INTO django_admin_log VALUES(92,'256','CLVS',3,'',8,1,'2018-07-03 05:56:54.749476');
INSERT INTO django_admin_log VALUES(93,'255','SHW',3,'',8,1,'2018-07-03 05:56:54.750794');
INSERT INTO django_admin_log VALUES(94,'254','EXPD',3,'',8,1,'2018-07-03 05:56:54.752795');
INSERT INTO django_admin_log VALUES(95,'253','TXT',3,'',8,1,'2018-07-03 05:56:54.754646');
INSERT INTO django_admin_log VALUES(96,'252','EGN',3,'',8,1,'2018-07-03 05:56:54.757003');
INSERT INTO django_admin_log VALUES(97,'251','DOC',3,'',8,1,'2018-07-03 05:56:54.759300');
INSERT INTO django_admin_log VALUES(98,'250','INCY',3,'',8,1,'2018-07-03 05:56:54.761086');
INSERT INTO django_admin_log VALUES(99,'249','UCTT',3,'',8,1,'2018-07-03 05:56:54.763294');
INSERT INTO django_admin_log VALUES(100,'248','PE',3,'',8,1,'2018-07-03 05:56:54.765436');
INSERT INTO django_admin_log VALUES(101,'247','FANG',3,'',8,1,'2018-07-03 05:56:54.767261');
INSERT INTO django_admin_log VALUES(102,'246','MDVN',3,'',8,1,'2018-07-03 05:56:54.769507');
INSERT INTO django_admin_log VALUES(103,'245','KIM',3,'',8,1,'2018-07-03 05:56:54.771840');
INSERT INTO django_admin_log VALUES(104,'244','APC',3,'',8,1,'2018-07-03 05:56:54.773993');
INSERT INTO django_admin_log VALUES(105,'243','NTNX',3,'',8,1,'2018-07-03 05:56:54.775628');
INSERT INTO django_admin_log VALUES(106,'242','EXEL',3,'',8,1,'2018-07-03 05:56:54.777760');
INSERT INTO django_admin_log VALUES(107,'241','FOLD',3,'',8,1,'2018-07-03 05:56:54.779901');
INSERT INTO django_admin_log VALUES(108,'240','RSPP',3,'',8,1,'2018-07-03 05:56:54.782255');
INSERT INTO django_admin_log VALUES(109,'239','AIV',3,'',8,1,'2018-07-03 05:56:54.784564');
INSERT INTO django_admin_log VALUES(110,'238','SGMO',3,'',8,1,'2018-07-03 05:56:54.786837');
INSERT INTO django_admin_log VALUES(111,'237','PSTG',3,'',8,1,'2018-07-03 05:56:54.788612');
INSERT INTO django_admin_log VALUES(112,'236','WYNN',3,'',8,1,'2018-07-03 05:56:54.790747');
INSERT INTO django_admin_log VALUES(113,'235','HALO',3,'',8,1,'2018-07-03 05:56:54.792522');
INSERT INTO django_admin_log VALUES(114,'234','MPLX',3,'',8,1,'2018-07-03 05:56:54.794657');
INSERT INTO django_admin_log VALUES(115,'233','CLVS',3,'',8,1,'2018-07-03 05:56:54.796944');
INSERT INTO django_admin_log VALUES(116,'232','SHW',3,'',8,1,'2018-07-03 05:56:54.799015');
INSERT INTO django_admin_log VALUES(117,'231','EXPD',3,'',8,1,'2018-07-03 05:56:54.800874');
INSERT INTO django_admin_log VALUES(118,'230','TXT',3,'',8,1,'2018-07-03 05:56:54.802815');
INSERT INTO django_admin_log VALUES(119,'229','EGN',3,'',8,1,'2018-07-03 05:57:06.313438');
INSERT INTO django_admin_log VALUES(120,'228','DOC',3,'',8,1,'2018-07-03 05:57:06.321319');
INSERT INTO django_admin_log VALUES(121,'227','INCY',3,'',8,1,'2018-07-03 05:57:06.323803');
INSERT INTO django_admin_log VALUES(122,'226','UCTT',3,'',8,1,'2018-07-03 05:57:06.326055');
INSERT INTO django_admin_log VALUES(123,'225','PE',3,'',8,1,'2018-07-03 05:57:06.328423');
INSERT INTO django_admin_log VALUES(124,'224','FANG',3,'',8,1,'2018-07-03 05:57:06.330809');
INSERT INTO django_admin_log VALUES(125,'223','MDVN',3,'',8,1,'2018-07-03 05:57:06.333034');
INSERT INTO django_admin_log VALUES(126,'222','KIM',3,'',8,1,'2018-07-03 05:57:06.335326');
INSERT INTO django_admin_log VALUES(127,'221','APC',3,'',8,1,'2018-07-03 05:57:06.337223');
INSERT INTO django_admin_log VALUES(128,'220','NTNX',3,'',8,1,'2018-07-03 05:57:06.339088');
INSERT INTO django_admin_log VALUES(129,'219','EXEL',3,'',8,1,'2018-07-03 05:57:06.340917');
INSERT INTO django_admin_log VALUES(130,'218','FOLD',3,'',8,1,'2018-07-03 05:57:06.342704');
INSERT INTO django_admin_log VALUES(131,'217','RSPP',3,'',8,1,'2018-07-03 05:57:06.344581');
INSERT INTO django_admin_log VALUES(132,'216','AIV',3,'',8,1,'2018-07-03 05:57:06.346008');
INSERT INTO django_admin_log VALUES(133,'215','SGMO',3,'',8,1,'2018-07-03 05:57:06.347503');
INSERT INTO django_admin_log VALUES(134,'214','PSTG',3,'',8,1,'2018-07-03 05:57:06.349100');
INSERT INTO django_admin_log VALUES(135,'213','WYNN',3,'',8,1,'2018-07-03 05:57:06.350519');
INSERT INTO django_admin_log VALUES(136,'212','HALO',3,'',8,1,'2018-07-03 05:57:06.351867');
INSERT INTO django_admin_log VALUES(137,'211','MPLX',3,'',8,1,'2018-07-03 05:57:06.353133');
INSERT INTO django_admin_log VALUES(138,'210','CLVS',3,'',8,1,'2018-07-03 05:57:06.354628');
INSERT INTO django_admin_log VALUES(139,'209','SHW',3,'',8,1,'2018-07-03 05:57:06.356357');
INSERT INTO django_admin_log VALUES(140,'208','EXPD',3,'',8,1,'2018-07-03 05:57:06.358018');
INSERT INTO django_admin_log VALUES(141,'207','TXT',3,'',8,1,'2018-07-03 05:57:06.359488');
INSERT INTO django_admin_log VALUES(142,'206','EGN',3,'',8,1,'2018-07-03 05:57:06.360873');
INSERT INTO django_admin_log VALUES(143,'205','DOC',3,'',8,1,'2018-07-03 05:57:06.362842');
INSERT INTO django_admin_log VALUES(144,'204','INCY',3,'',8,1,'2018-07-03 05:57:06.364770');
INSERT INTO django_admin_log VALUES(145,'203','UCTT',3,'',8,1,'2018-07-03 05:57:06.366958');
INSERT INTO django_admin_log VALUES(146,'202','PE',3,'',8,1,'2018-07-03 05:57:06.369349');
INSERT INTO django_admin_log VALUES(147,'201','FANG',3,'',8,1,'2018-07-03 05:57:06.371457');
INSERT INTO django_admin_log VALUES(148,'200','MDVN',3,'',8,1,'2018-07-03 05:57:06.373632');
INSERT INTO django_admin_log VALUES(149,'199','KIM',3,'',8,1,'2018-07-03 05:57:06.375475');
INSERT INTO django_admin_log VALUES(150,'198','APC',3,'',8,1,'2018-07-03 05:57:06.377529');
INSERT INTO django_admin_log VALUES(151,'197','NTNX',3,'',8,1,'2018-07-03 05:57:06.379870');
INSERT INTO django_admin_log VALUES(152,'196','EXEL',3,'',8,1,'2018-07-03 05:57:06.382035');
INSERT INTO django_admin_log VALUES(153,'195','FOLD',3,'',8,1,'2018-07-03 05:57:06.383886');
INSERT INTO django_admin_log VALUES(154,'194','RSPP',3,'',8,1,'2018-07-03 05:57:06.385669');
INSERT INTO django_admin_log VALUES(155,'193','AIV',3,'',8,1,'2018-07-03 05:57:06.387832');
INSERT INTO django_admin_log VALUES(156,'192','SGMO',3,'',8,1,'2018-07-03 05:57:06.390065');
INSERT INTO django_admin_log VALUES(157,'191','PSTG',3,'',8,1,'2018-07-03 05:57:06.391864');
INSERT INTO django_admin_log VALUES(158,'190','WYNN',3,'',8,1,'2018-07-03 05:57:06.393838');
INSERT INTO django_admin_log VALUES(159,'189','HALO',3,'',8,1,'2018-07-03 05:57:06.396021');
INSERT INTO django_admin_log VALUES(160,'188','MPLX',3,'',8,1,'2018-07-03 05:57:06.398262');
INSERT INTO django_admin_log VALUES(161,'187','CLVS',3,'',8,1,'2018-07-03 05:57:06.400310');
INSERT INTO django_admin_log VALUES(162,'186','SHW',3,'',8,1,'2018-07-03 05:57:06.402664');
INSERT INTO django_admin_log VALUES(163,'185','EXPD',3,'',8,1,'2018-07-03 05:57:06.404625');
INSERT INTO django_admin_log VALUES(164,'184','TXT',3,'',8,1,'2018-07-03 05:57:06.406973');
INSERT INTO django_admin_log VALUES(165,'183','EGN',3,'',8,1,'2018-07-03 05:57:06.408687');
INSERT INTO django_admin_log VALUES(166,'182','DOC',3,'',8,1,'2018-07-03 05:57:06.410784');
INSERT INTO django_admin_log VALUES(167,'181','INCY',3,'',8,1,'2018-07-03 05:57:06.412940');
INSERT INTO django_admin_log VALUES(168,'180','UCTT',3,'',8,1,'2018-07-03 05:57:06.414648');
INSERT INTO django_admin_log VALUES(169,'179','PE',3,'',8,1,'2018-07-03 05:57:06.416710');
INSERT INTO django_admin_log VALUES(170,'178','FANG',3,'',8,1,'2018-07-03 05:57:06.419004');
INSERT INTO django_admin_log VALUES(171,'177','MDVN',3,'',8,1,'2018-07-03 05:57:06.421272');
INSERT INTO django_admin_log VALUES(172,'176','KIM',3,'',8,1,'2018-07-03 05:57:06.423180');
INSERT INTO django_admin_log VALUES(173,'175','APC',3,'',8,1,'2018-07-03 05:57:06.425320');
INSERT INTO django_admin_log VALUES(174,'174','NTNX',3,'',8,1,'2018-07-03 05:57:06.427296');
INSERT INTO django_admin_log VALUES(175,'173','EXEL',3,'',8,1,'2018-07-03 05:57:06.428846');
INSERT INTO django_admin_log VALUES(176,'172','FOLD',3,'',8,1,'2018-07-03 05:57:06.430374');
INSERT INTO django_admin_log VALUES(177,'171','RSPP',3,'',8,1,'2018-07-03 05:57:06.432058');
INSERT INTO django_admin_log VALUES(178,'170','AIV',3,'',8,1,'2018-07-03 05:57:06.433788');
INSERT INTO django_admin_log VALUES(179,'169','SGMO',3,'',8,1,'2018-07-03 05:57:06.435417');
INSERT INTO django_admin_log VALUES(180,'168','PSTG',3,'',8,1,'2018-07-03 05:57:06.436973');
INSERT INTO django_admin_log VALUES(181,'167','WYNN',3,'',8,1,'2018-07-03 05:57:06.438535');
INSERT INTO django_admin_log VALUES(182,'166','HALO',3,'',8,1,'2018-07-03 05:57:06.440371');
INSERT INTO django_admin_log VALUES(183,'165','MPLX',3,'',8,1,'2018-07-03 05:57:06.442176');
INSERT INTO django_admin_log VALUES(184,'164','CLVS',3,'',8,1,'2018-07-03 05:57:06.443969');
INSERT INTO django_admin_log VALUES(185,'163','SHW',3,'',8,1,'2018-07-03 05:57:06.446145');
INSERT INTO django_admin_log VALUES(186,'162','EXPD',3,'',8,1,'2018-07-03 05:57:06.448137');
INSERT INTO django_admin_log VALUES(187,'161','TXT',3,'',8,1,'2018-07-03 05:57:06.450066');
INSERT INTO django_admin_log VALUES(188,'160','EGN',3,'',8,1,'2018-07-03 05:57:06.451654');
INSERT INTO django_admin_log VALUES(189,'159','DOC',3,'',8,1,'2018-07-03 05:57:06.453257');
INSERT INTO django_admin_log VALUES(190,'158','INCY',3,'',8,1,'2018-07-03 05:57:06.454805');
INSERT INTO django_admin_log VALUES(191,'157','UCTT',3,'',8,1,'2018-07-03 05:57:06.456358');
INSERT INTO django_admin_log VALUES(192,'156','PE',3,'',8,1,'2018-07-03 05:57:06.458030');
INSERT INTO django_admin_log VALUES(193,'155','FANG',3,'',8,1,'2018-07-03 05:57:06.459480');
INSERT INTO django_admin_log VALUES(194,'154','MDVN',3,'',8,1,'2018-07-03 05:57:06.461259');
INSERT INTO django_admin_log VALUES(195,'153','KIM',3,'',8,1,'2018-07-03 05:57:06.462605');
INSERT INTO django_admin_log VALUES(196,'152','APC',3,'',8,1,'2018-07-03 05:57:06.464046');
INSERT INTO django_admin_log VALUES(197,'151','NTNX',3,'',8,1,'2018-07-03 05:57:06.465751');
INSERT INTO django_admin_log VALUES(198,'150','EXEL',3,'',8,1,'2018-07-03 05:57:06.467076');
INSERT INTO django_admin_log VALUES(199,'149','FOLD',3,'',8,1,'2018-07-03 05:57:06.468452');
INSERT INTO django_admin_log VALUES(200,'148','RSPP',3,'',8,1,'2018-07-03 05:57:06.469641');
INSERT INTO django_admin_log VALUES(201,'147','AIV',3,'',8,1,'2018-07-03 05:57:06.470891');
INSERT INTO django_admin_log VALUES(202,'146','SGMO',3,'',8,1,'2018-07-03 05:57:06.472430');
INSERT INTO django_admin_log VALUES(203,'145','PSTG',3,'',8,1,'2018-07-03 05:57:06.473988');
INSERT INTO django_admin_log VALUES(204,'144','WYNN',3,'',8,1,'2018-07-03 05:57:06.475423');
INSERT INTO django_admin_log VALUES(205,'143','HALO',3,'',8,1,'2018-07-03 05:57:06.476787');
INSERT INTO django_admin_log VALUES(206,'142','MPLX',3,'',8,1,'2018-07-03 05:57:06.478366');
INSERT INTO django_admin_log VALUES(207,'141','CLVS',3,'',8,1,'2018-07-03 05:57:06.479829');
INSERT INTO django_admin_log VALUES(208,'140','SHW',3,'',8,1,'2018-07-03 05:57:06.481604');
INSERT INTO django_admin_log VALUES(209,'139','EXPD',3,'',8,1,'2018-07-03 05:57:06.483308');
INSERT INTO django_admin_log VALUES(210,'138','TXT',3,'',8,1,'2018-07-03 05:57:06.484571');
INSERT INTO django_admin_log VALUES(211,'137','EGN',3,'',8,1,'2018-07-03 05:57:06.486067');
INSERT INTO django_admin_log VALUES(212,'136','DOC',3,'',8,1,'2018-07-03 05:57:06.487419');
INSERT INTO django_admin_log VALUES(213,'135','INCY',3,'',8,1,'2018-07-03 05:57:06.488839');
INSERT INTO django_admin_log VALUES(214,'134','UCTT',3,'',8,1,'2018-07-03 05:57:06.490362');
INSERT INTO django_admin_log VALUES(215,'133','PE',3,'',8,1,'2018-07-03 05:57:06.491878');
INSERT INTO django_admin_log VALUES(216,'132','FANG',3,'',8,1,'2018-07-03 05:57:06.493741');
INSERT INTO django_admin_log VALUES(217,'131','MDVN',3,'',8,1,'2018-07-03 05:57:06.495094');
INSERT INTO django_admin_log VALUES(218,'130','KIM',3,'',8,1,'2018-07-03 05:57:06.496687');
INSERT INTO django_admin_log VALUES(219,'129','APC',3,'',8,1,'2018-07-03 05:57:19.141506');
INSERT INTO django_admin_log VALUES(220,'128','NTNX',3,'',8,1,'2018-07-03 05:57:19.149200');
INSERT INTO django_admin_log VALUES(221,'127','EXEL',3,'',8,1,'2018-07-03 05:57:19.151555');
INSERT INTO django_admin_log VALUES(222,'126','FOLD',3,'',8,1,'2018-07-03 05:57:19.153671');
INSERT INTO django_admin_log VALUES(223,'125','RSPP',3,'',8,1,'2018-07-03 05:57:19.155570');
INSERT INTO django_admin_log VALUES(224,'124','AIV',3,'',8,1,'2018-07-03 05:57:19.157385');
INSERT INTO django_admin_log VALUES(225,'123','SGMO',3,'',8,1,'2018-07-03 05:57:19.159820');
INSERT INTO django_admin_log VALUES(226,'122','PSTG',3,'',8,1,'2018-07-03 05:57:19.161734');
INSERT INTO django_admin_log VALUES(227,'121','WYNN',3,'',8,1,'2018-07-03 05:57:19.164087');
INSERT INTO django_admin_log VALUES(228,'120','HALO',3,'',8,1,'2018-07-03 05:57:19.165971');
INSERT INTO django_admin_log VALUES(229,'119','MPLX',3,'',8,1,'2018-07-03 05:57:19.168007');
INSERT INTO django_admin_log VALUES(230,'118','CLVS',3,'',8,1,'2018-07-03 05:57:19.169772');
INSERT INTO django_admin_log VALUES(231,'117','SHW',3,'',8,1,'2018-07-03 05:57:19.171384');
INSERT INTO django_admin_log VALUES(232,'116','EXPD',3,'',8,1,'2018-07-03 05:57:19.173563');
INSERT INTO django_admin_log VALUES(233,'115','TXT',3,'',8,1,'2018-07-03 05:57:19.175561');
INSERT INTO django_admin_log VALUES(234,'114','EGN',3,'',8,1,'2018-07-03 05:57:19.177664');
INSERT INTO django_admin_log VALUES(235,'113','DOC',3,'',8,1,'2018-07-03 05:57:19.179551');
INSERT INTO django_admin_log VALUES(236,'112','INCY',3,'',8,1,'2018-07-03 05:57:19.181702');
INSERT INTO django_admin_log VALUES(237,'111','UCTT',3,'',8,1,'2018-07-03 05:57:19.183540');
INSERT INTO django_admin_log VALUES(238,'110','PE',3,'',8,1,'2018-07-03 05:57:19.184945');
INSERT INTO django_admin_log VALUES(239,'109','FANG',3,'',8,1,'2018-07-03 05:57:19.186643');
INSERT INTO django_admin_log VALUES(240,'108','MDVN',3,'',8,1,'2018-07-03 05:57:19.188771');
INSERT INTO django_admin_log VALUES(241,'107','KIM',3,'',8,1,'2018-07-03 05:57:19.190795');
INSERT INTO django_admin_log VALUES(242,'106','APC',3,'',8,1,'2018-07-03 05:57:19.193190');
INSERT INTO django_admin_log VALUES(243,'105','NTNX',3,'',8,1,'2018-07-03 05:57:19.195835');
INSERT INTO django_admin_log VALUES(244,'104','EXEL',3,'',8,1,'2018-07-03 05:57:19.198565');
INSERT INTO django_admin_log VALUES(245,'103','FOLD',3,'',8,1,'2018-07-03 05:57:19.200392');
INSERT INTO django_admin_log VALUES(246,'102','RSPP',3,'',8,1,'2018-07-03 05:57:19.202638');
INSERT INTO django_admin_log VALUES(247,'101','AIV',3,'',8,1,'2018-07-03 05:57:19.204850');
INSERT INTO django_admin_log VALUES(248,'100','SGMO',3,'',8,1,'2018-07-03 05:57:19.206598');
INSERT INTO django_admin_log VALUES(249,'99','PSTG',3,'',8,1,'2018-07-03 05:57:19.208233');
INSERT INTO django_admin_log VALUES(250,'98','WYNN',3,'',8,1,'2018-07-03 05:57:19.210243');
INSERT INTO django_admin_log VALUES(251,'97','HALO',3,'',8,1,'2018-07-03 05:57:19.212425');
INSERT INTO django_admin_log VALUES(252,'96','MPLX',3,'',8,1,'2018-07-03 05:57:19.214440');
INSERT INTO django_admin_log VALUES(253,'95','CLVS',3,'',8,1,'2018-07-03 05:57:19.216268');
INSERT INTO django_admin_log VALUES(254,'94','SHW',3,'',8,1,'2018-07-03 05:57:19.218147');
INSERT INTO django_admin_log VALUES(255,'93','EXPD',3,'',8,1,'2018-07-03 05:57:19.219678');
INSERT INTO django_admin_log VALUES(256,'92','TXT',3,'',8,1,'2018-07-03 05:57:19.221392');
INSERT INTO django_admin_log VALUES(257,'91','EGN',3,'',8,1,'2018-07-03 05:57:19.223192');
INSERT INTO django_admin_log VALUES(258,'90','DOC',3,'',8,1,'2018-07-03 05:57:19.224609');
INSERT INTO django_admin_log VALUES(259,'89','INCY',3,'',8,1,'2018-07-03 05:57:19.226692');
INSERT INTO django_admin_log VALUES(260,'88','UCTT',3,'',8,1,'2018-07-03 05:57:19.228840');
INSERT INTO django_admin_log VALUES(261,'87','PE',3,'',8,1,'2018-07-03 05:57:19.231159');
INSERT INTO django_admin_log VALUES(262,'86','FANG',3,'',8,1,'2018-07-03 05:57:19.233253');
INSERT INTO django_admin_log VALUES(263,'85','MDVN',3,'',8,1,'2018-07-03 05:57:19.235125');
INSERT INTO django_admin_log VALUES(264,'84','KIM',3,'',8,1,'2018-07-03 05:57:19.237301');
INSERT INTO django_admin_log VALUES(265,'83','APC',3,'',8,1,'2018-07-03 05:57:19.239529');
INSERT INTO django_admin_log VALUES(266,'82','NTNX',3,'',8,1,'2018-07-03 05:57:19.241132');
INSERT INTO django_admin_log VALUES(267,'81','EXEL',3,'',8,1,'2018-07-03 05:57:19.242995');
INSERT INTO django_admin_log VALUES(268,'80','FOLD',3,'',8,1,'2018-07-03 05:57:19.245231');
INSERT INTO django_admin_log VALUES(269,'79','RSPP',3,'',8,1,'2018-07-03 05:57:19.247528');
INSERT INTO django_admin_log VALUES(270,'78','AIV',3,'',8,1,'2018-07-03 05:57:19.249850');
INSERT INTO django_admin_log VALUES(271,'77','SGMO',3,'',8,1,'2018-07-03 05:57:19.252327');
INSERT INTO django_admin_log VALUES(272,'76','AMZN',3,'',8,1,'2018-07-03 05:57:19.254211');
INSERT INTO django_admin_log VALUES(273,'75','HTS',3,'',8,1,'2018-07-03 05:57:19.255925');
INSERT INTO django_admin_log VALUES(274,'74','HDP',3,'',8,1,'2018-07-03 05:57:19.257618');
INSERT INTO django_admin_log VALUES(275,'73','SBRA',3,'',8,1,'2018-07-03 05:57:19.259373');
INSERT INTO django_admin_log VALUES(276,'72','HAL',3,'',8,1,'2018-07-03 05:57:19.261364');
INSERT INTO django_admin_log VALUES(277,'71','TROX',3,'',8,1,'2018-07-03 05:57:19.263411');
INSERT INTO django_admin_log VALUES(278,'70','RSPP',3,'',8,1,'2018-07-03 05:57:19.265704');
INSERT INTO django_admin_log VALUES(279,'69','ANAC',3,'',8,1,'2018-07-03 05:57:19.267782');
INSERT INTO django_admin_log VALUES(280,'68','TSLA',3,'',8,1,'2018-07-03 05:57:19.269912');
INSERT INTO django_admin_log VALUES(281,'67','SLCA',3,'',8,1,'2018-07-03 05:57:19.272225');
INSERT INTO django_admin_log VALUES(282,'66','LNKD',3,'',8,1,'2018-07-03 05:57:19.274142');
INSERT INTO django_admin_log VALUES(283,'65','REG',3,'',8,1,'2018-07-03 05:57:19.275543');
INSERT INTO django_admin_log VALUES(284,'64','APC',3,'',8,1,'2018-07-03 05:57:19.277162');
INSERT INTO django_admin_log VALUES(285,'63','MPLX',3,'',8,1,'2018-07-03 05:57:19.279191');
INSERT INTO django_admin_log VALUES(286,'62','MTDR',3,'',8,1,'2018-07-03 05:57:19.281456');
INSERT INTO django_admin_log VALUES(287,'61','SHW',3,'',8,1,'2018-07-03 05:57:19.283877');
INSERT INTO django_admin_log VALUES(288,'60','XEC',3,'',8,1,'2018-07-03 05:57:19.286116');
INSERT INTO django_admin_log VALUES(289,'59','HP',3,'',8,1,'2018-07-03 05:57:19.287955');
INSERT INTO django_admin_log VALUES(290,'58','NVDA',3,'',8,1,'2018-07-03 05:57:19.289810');
INSERT INTO django_admin_log VALUES(291,'57','TMST',3,'',8,1,'2018-07-03 05:57:19.291921');
INSERT INTO django_admin_log VALUES(292,'56','SCTY',3,'',8,1,'2018-07-03 05:57:19.294107');
INSERT INTO django_admin_log VALUES(293,'55','NTNX',3,'',8,1,'2018-07-03 05:57:19.296200');
INSERT INTO django_admin_log VALUES(294,'54','DRE',3,'',8,1,'2018-07-03 05:57:19.298571');
INSERT INTO django_admin_log VALUES(295,'53','AMTD',3,'',8,1,'2018-07-03 05:57:19.300438');
INSERT INTO django_admin_log VALUES(296,'52','SCTY',3,'',8,1,'2018-07-03 05:57:19.302302');
INSERT INTO django_admin_log VALUES(297,'51','AON',3,'',8,1,'2018-07-03 05:57:19.304691');
INSERT INTO django_admin_log VALUES(298,'50','AM',3,'',8,1,'2018-07-03 05:57:19.306996');
INSERT INTO django_admin_log VALUES(299,'49','CRZO',3,'',8,1,'2018-07-03 05:57:19.309249');
INSERT INTO django_admin_log VALUES(300,'48','CMC',3,'',8,1,'2018-07-03 05:57:19.311519');
INSERT INTO django_admin_log VALUES(301,'47','NRZ',3,'',8,1,'2018-07-03 05:57:19.313244');
INSERT INTO django_admin_log VALUES(302,'46','LNKD',3,'',8,1,'2018-07-03 05:57:19.315477');
INSERT INTO django_admin_log VALUES(303,'45','BHI',3,'',8,1,'2018-07-03 05:57:19.317284');
INSERT INTO django_admin_log VALUES(304,'44','DYAX',3,'',8,1,'2018-07-03 05:57:19.318986');
INSERT INTO django_admin_log VALUES(305,'43','JUNO',3,'',8,1,'2018-07-03 05:57:19.321215');
INSERT INTO django_admin_log VALUES(306,'42','PYPL',3,'',8,1,'2018-07-03 05:57:19.323430');
INSERT INTO django_admin_log VALUES(307,'41','PE',3,'',8,1,'2018-07-03 05:57:19.325289');
INSERT INTO django_admin_log VALUES(308,'40','SGMO',3,'',8,1,'2018-07-03 05:57:19.327712');
INSERT INTO django_admin_log VALUES(309,'39','PTXP',3,'',8,1,'2018-07-03 05:57:19.330041');
INSERT INTO django_admin_log VALUES(310,'38','REG',3,'',8,1,'2018-07-03 05:57:19.331766');
INSERT INTO django_admin_log VALUES(311,'37','LNG',3,'',8,1,'2018-07-03 05:57:19.333339');
INSERT INTO django_admin_log VALUES(312,'36','MDVN',3,'',8,1,'2018-07-03 05:57:19.335006');
INSERT INTO django_admin_log VALUES(313,'35','TMST',3,'',8,1,'2018-07-03 05:57:19.336835');
INSERT INTO django_admin_log VALUES(314,'34','ALNY',3,'',8,1,'2018-07-03 05:57:19.338372');
INSERT INTO django_admin_log VALUES(315,'33','SRPT',3,'',8,1,'2018-07-03 05:57:19.339900');
INSERT INTO django_admin_log VALUES(316,'32','HALO',3,'',8,1,'2018-07-03 05:57:19.341365');
INSERT INTO django_admin_log VALUES(317,'31','CORT',3,'',8,1,'2018-07-03 05:57:19.342997');
INSERT INTO django_admin_log VALUES(318,'30','SLCA',3,'',8,1,'2018-07-03 05:57:19.344842');
INSERT INTO django_admin_log VALUES(319,'29','ACAD',3,'',8,1,'2018-07-03 05:57:19.346473');
INSERT INTO django_admin_log VALUES(320,'28','EXPD',3,'',8,1,'2018-07-03 05:57:19.347984');
INSERT INTO django_admin_log VALUES(321,'27','AIV',3,'',8,1,'2018-07-03 05:57:19.349448');
INSERT INTO django_admin_log VALUES(322,'26','MDVN',3,'',8,1,'2018-07-03 05:57:19.350888');
INSERT INTO django_admin_log VALUES(323,'25','FOLD',3,'',8,1,'2018-07-03 05:57:19.352259');
INSERT INTO django_admin_log VALUES(324,'24','CRZO',3,'',8,1,'2018-07-03 05:57:19.353629');
INSERT INTO django_admin_log VALUES(325,'23','DOC',3,'',8,1,'2018-07-03 05:57:19.355129');
INSERT INTO django_admin_log VALUES(326,'22','PDCE',3,'',8,1,'2018-07-03 05:57:19.356400');
INSERT INTO django_admin_log VALUES(327,'21','PYPL',3,'',8,1,'2018-07-03 05:57:19.357869');
INSERT INTO django_admin_log VALUES(328,'20','DYAX',3,'',8,1,'2018-07-03 05:57:19.359190');
INSERT INTO django_admin_log VALUES(329,'19','FB',3,'',8,1,'2018-07-03 05:57:19.360461');
INSERT INTO django_admin_log VALUES(330,'18','BHI',3,'',8,1,'2018-07-03 05:57:19.361958');
INSERT INTO django_admin_log VALUES(331,'17','HFC',3,'',8,1,'2018-07-03 05:57:19.363499');
INSERT INTO django_admin_log VALUES(332,'16','FANG',3,'',8,1,'2018-07-03 05:57:19.364800');
INSERT INTO django_admin_log VALUES(333,'15','ADI',3,'',8,1,'2018-07-03 05:57:19.366213');
INSERT INTO django_admin_log VALUES(334,'14','MU',3,'',8,1,'2018-07-03 05:57:19.368068');
INSERT INTO django_admin_log VALUES(335,'13','APC',3,'',8,1,'2018-07-03 05:57:19.369909');
INSERT INTO django_admin_log VALUES(336,'12','CNX',3,'',8,1,'2018-07-03 05:57:19.371255');
INSERT INTO django_admin_log VALUES(337,'11','KIM',3,'',8,1,'2018-07-03 05:57:19.372538');
INSERT INTO django_admin_log VALUES(338,'10','FMC',3,'',8,1,'2018-07-03 05:57:19.373814');
INSERT INTO django_admin_log VALUES(339,'9','NTNX',3,'',8,1,'2018-07-03 05:57:19.374963');
INSERT INTO django_admin_log VALUES(340,'8','TSRO',3,'',8,1,'2018-07-03 05:57:19.376519');
INSERT INTO django_admin_log VALUES(341,'7','AON',3,'',8,1,'2018-07-03 05:57:19.377878');
INSERT INTO django_admin_log VALUES(342,'6','LNG',3,'',8,1,'2018-07-03 05:57:19.379292');
INSERT INTO django_admin_log VALUES(343,'5','ALNY',3,'',8,1,'2018-07-03 05:57:19.380516');
INSERT INTO django_admin_log VALUES(344,'4','NVDA',3,'',8,1,'2018-07-03 05:57:19.382173');
INSERT INTO django_admin_log VALUES(345,'3','NTNX',3,'',8,1,'2018-07-03 05:57:19.383580');
INSERT INTO django_admin_log VALUES(346,'2','AAPL',3,'',8,1,'2018-07-03 05:57:19.384860');
INSERT INTO django_admin_log VALUES(347,'521','PTEN',3,'',8,1,'2018-07-03 06:08:54.284129');
INSERT INTO django_admin_log VALUES(348,'520','WLTW',3,'',8,1,'2018-07-03 06:08:54.292316');
INSERT INTO django_admin_log VALUES(349,'519','FMC',3,'',8,1,'2018-07-03 06:08:54.295000');
INSERT INTO django_admin_log VALUES(350,'518','LRCX',3,'',8,1,'2018-07-03 06:08:54.297411');
INSERT INTO django_admin_log VALUES(351,'517','W',3,'',8,1,'2018-07-03 06:08:54.299478');
INSERT INTO django_admin_log VALUES(352,'516','TMST',3,'',8,1,'2018-07-03 06:08:54.301477');
INSERT INTO django_admin_log VALUES(353,'515','LNG',3,'',8,1,'2018-07-03 06:08:54.303222');
INSERT INTO django_admin_log VALUES(354,'514','NVDA',3,'',8,1,'2018-07-03 06:08:54.304630');
INSERT INTO django_admin_log VALUES(355,'513','HAL',3,'',8,1,'2018-07-03 06:08:54.306406');
INSERT INTO django_admin_log VALUES(356,'512','MPLX',3,'',8,1,'2018-07-03 06:08:54.308635');
INSERT INTO django_admin_log VALUES(357,'511','CLVS',3,'',8,1,'2018-07-03 06:08:54.310874');
INSERT INTO django_admin_log VALUES(358,'510','SGMO',3,'',8,1,'2018-07-03 06:08:54.313140');
INSERT INTO django_admin_log VALUES(359,'509','NKTR',3,'',8,1,'2018-07-03 06:08:54.314809');
INSERT INTO django_admin_log VALUES(360,'508','NTNX',3,'',8,1,'2018-07-03 06:08:54.316764');
INSERT INTO django_admin_log VALUES(361,'507','NOW',3,'',8,1,'2018-07-03 06:08:54.318775');
INSERT INTO django_admin_log VALUES(362,'506','APC',3,'',8,1,'2018-07-03 06:08:54.320469');
INSERT INTO django_admin_log VALUES(363,'505','PTXP',3,'',8,1,'2018-07-03 06:08:54.322560');
INSERT INTO django_admin_log VALUES(364,'504','SQ',3,'',8,1,'2018-07-03 06:08:54.324393');
INSERT INTO django_admin_log VALUES(365,'503','PSTG',3,'',8,1,'2018-07-03 06:08:54.326209');
INSERT INTO django_admin_log VALUES(366,'502','CRZO',3,'',8,1,'2018-07-03 06:08:54.328459');
INSERT INTO django_admin_log VALUES(367,'501','DYAX',3,'',8,1,'2018-07-03 06:08:54.330268');
INSERT INTO django_admin_log VALUES(368,'500','RICE',3,'',8,1,'2018-07-03 06:08:54.331968');
INSERT INTO django_admin_log VALUES(369,'499','RRC',3,'',8,1,'2018-07-03 06:08:54.333939');
INSERT INTO django_admin_log VALUES(370,'498','PDCE',3,'',8,1,'2018-07-03 06:08:54.336009');
INSERT INTO django_admin_log VALUES(371,'497','PTEN',3,'',8,1,'2018-07-03 06:08:54.337523');
INSERT INTO django_admin_log VALUES(372,'496','WLTW',3,'',8,1,'2018-07-03 06:08:54.339404');
INSERT INTO django_admin_log VALUES(373,'495','FMC',3,'',8,1,'2018-07-03 06:08:54.341198');
INSERT INTO django_admin_log VALUES(374,'494','LRCX',3,'',8,1,'2018-07-03 06:08:54.342691');
INSERT INTO django_admin_log VALUES(375,'493','W',3,'',8,1,'2018-07-03 06:08:54.344329');
INSERT INTO django_admin_log VALUES(376,'492','TMST',3,'',8,1,'2018-07-03 06:08:54.345691');
INSERT INTO django_admin_log VALUES(377,'491','LNG',3,'',8,1,'2018-07-03 06:08:54.346957');
INSERT INTO django_admin_log VALUES(378,'490','NVDA',3,'',8,1,'2018-07-03 06:08:54.348313');
INSERT INTO django_admin_log VALUES(379,'489','HAL',3,'',8,1,'2018-07-03 06:08:54.349747');
INSERT INTO django_admin_log VALUES(380,'488','MPLX',3,'',8,1,'2018-07-03 06:08:54.351262');
INSERT INTO django_admin_log VALUES(381,'487','CLVS',3,'',8,1,'2018-07-03 06:08:54.352614');
INSERT INTO django_admin_log VALUES(382,'486','SGMO',3,'',8,1,'2018-07-03 06:08:54.354167');
INSERT INTO django_admin_log VALUES(383,'485','NKTR',3,'',8,1,'2018-07-03 06:08:54.355480');
INSERT INTO django_admin_log VALUES(384,'484','NTNX',3,'',8,1,'2018-07-03 06:08:54.357026');
INSERT INTO django_admin_log VALUES(385,'483','NOW',3,'',8,1,'2018-07-03 06:08:54.358743');
INSERT INTO django_admin_log VALUES(386,'482','APC',3,'',8,1,'2018-07-03 06:08:54.360341');
INSERT INTO django_admin_log VALUES(387,'481','PTXP',3,'',8,1,'2018-07-03 06:08:54.361747');
INSERT INTO django_admin_log VALUES(388,'480','SQ',3,'',8,1,'2018-07-03 06:08:54.363243');
INSERT INTO django_admin_log VALUES(389,'479','PSTG',3,'',8,1,'2018-07-03 06:08:54.365338');
INSERT INTO django_admin_log VALUES(390,'478','CRZO',3,'',8,1,'2018-07-03 06:08:54.366930');
INSERT INTO django_admin_log VALUES(391,'477','DYAX',3,'',8,1,'2018-07-03 06:08:54.368941');
INSERT INTO django_admin_log VALUES(392,'476','RICE',3,'',8,1,'2018-07-03 06:08:54.371044');
INSERT INTO django_admin_log VALUES(393,'475','RRC',3,'',8,1,'2018-07-03 06:08:54.372670');
INSERT INTO django_admin_log VALUES(394,'474','PDCE',3,'',8,1,'2018-07-03 06:08:54.374505');
INSERT INTO django_admin_log VALUES(395,'473','PTEN',3,'',8,1,'2018-07-03 06:08:54.376146');
INSERT INTO django_admin_log VALUES(396,'472','WLTW',3,'',8,1,'2018-07-03 06:08:54.378208');
INSERT INTO django_admin_log VALUES(397,'471','FMC',3,'',8,1,'2018-07-03 06:08:54.380433');
INSERT INTO django_admin_log VALUES(398,'470','LRCX',3,'',8,1,'2018-07-03 06:08:54.382881');
INSERT INTO django_admin_log VALUES(399,'469','W',3,'',8,1,'2018-07-03 06:08:54.385376');
INSERT INTO django_admin_log VALUES(400,'468','TMST',3,'',8,1,'2018-07-03 06:08:54.387685');
INSERT INTO django_admin_log VALUES(401,'467','LNG',3,'',8,1,'2018-07-03 06:08:54.390007');
INSERT INTO django_admin_log VALUES(402,'466','NVDA',3,'',8,1,'2018-07-03 06:08:54.391759');
INSERT INTO django_admin_log VALUES(403,'465','HAL',3,'',8,1,'2018-07-03 06:08:54.393807');
INSERT INTO django_admin_log VALUES(404,'464','MPLX',3,'',8,1,'2018-07-03 06:08:54.395530');
INSERT INTO django_admin_log VALUES(405,'463','CLVS',3,'',8,1,'2018-07-03 06:08:54.397093');
INSERT INTO django_admin_log VALUES(406,'462','SGMO',3,'',8,1,'2018-07-03 06:08:54.399243');
INSERT INTO django_admin_log VALUES(407,'461','NKTR',3,'',8,1,'2018-07-03 06:08:54.401033');
INSERT INTO django_admin_log VALUES(408,'460','NTNX',3,'',8,1,'2018-07-03 06:08:54.402701');
INSERT INTO django_admin_log VALUES(409,'459','NOW',3,'',8,1,'2018-07-03 06:08:54.404979');
INSERT INTO django_admin_log VALUES(410,'458','APC',3,'',8,1,'2018-07-03 06:08:54.407277');
INSERT INTO django_admin_log VALUES(411,'457','PTXP',3,'',8,1,'2018-07-03 06:08:54.408852');
INSERT INTO django_admin_log VALUES(412,'456','SQ',3,'',8,1,'2018-07-03 06:08:54.410947');
INSERT INTO django_admin_log VALUES(413,'455','PSTG',3,'',8,1,'2018-07-03 06:08:54.413027');
INSERT INTO django_admin_log VALUES(414,'454','CRZO',3,'',8,1,'2018-07-03 06:08:54.414742');
INSERT INTO django_admin_log VALUES(415,'453','DYAX',3,'',8,1,'2018-07-03 06:08:54.416690');
INSERT INTO django_admin_log VALUES(416,'452','RICE',3,'',8,1,'2018-07-03 06:08:54.418590');
INSERT INTO django_admin_log VALUES(417,'451','RRC',3,'',8,1,'2018-07-03 06:08:54.420344');
INSERT INTO django_admin_log VALUES(418,'450','PDCE',3,'',8,1,'2018-07-03 06:08:54.422450');
INSERT INTO django_admin_log VALUES(419,'449','PTEN',3,'',8,1,'2018-07-03 06:08:54.424304');
INSERT INTO django_admin_log VALUES(420,'448','WLTW',3,'',8,1,'2018-07-03 06:08:54.425937');
INSERT INTO django_admin_log VALUES(421,'447','FMC',3,'',8,1,'2018-07-03 06:08:54.427788');
INSERT INTO django_admin_log VALUES(422,'446','LRCX',3,'',8,1,'2018-07-03 06:08:54.429422');
INSERT INTO django_admin_log VALUES(423,'445','W',3,'',8,1,'2018-07-03 06:08:54.430824');
INSERT INTO django_admin_log VALUES(424,'444','TMST',3,'',8,1,'2018-07-03 06:08:54.433093');
INSERT INTO django_admin_log VALUES(425,'443','LNG',3,'',8,1,'2018-07-03 06:08:54.435002');
INSERT INTO django_admin_log VALUES(426,'442','NVDA',3,'',8,1,'2018-07-03 06:08:54.437316');
INSERT INTO django_admin_log VALUES(427,'441','HAL',3,'',8,1,'2018-07-03 06:08:54.439265');
INSERT INTO django_admin_log VALUES(428,'440','MPLX',3,'',8,1,'2018-07-03 06:08:54.440861');
INSERT INTO django_admin_log VALUES(429,'439','CLVS',3,'',8,1,'2018-07-03 06:08:54.442505');
INSERT INTO django_admin_log VALUES(430,'438','SGMO',3,'',8,1,'2018-07-03 06:08:54.444109');
INSERT INTO django_admin_log VALUES(431,'437','NKTR',3,'',8,1,'2018-07-03 06:08:54.445670');
INSERT INTO django_admin_log VALUES(432,'436','NTNX',3,'',8,1,'2018-07-03 06:08:54.447824');
INSERT INTO django_admin_log VALUES(433,'435','NOW',3,'',8,1,'2018-07-03 06:08:54.449843');
INSERT INTO django_admin_log VALUES(434,'434','APC',3,'',8,1,'2018-07-03 06:08:54.451415');
INSERT INTO django_admin_log VALUES(435,'433','PTXP',3,'',8,1,'2018-07-03 06:08:54.452909');
INSERT INTO django_admin_log VALUES(436,'432','SQ',3,'',8,1,'2018-07-03 06:08:54.455078');
INSERT INTO django_admin_log VALUES(437,'431','PSTG',3,'',8,1,'2018-07-03 06:08:54.457256');
INSERT INTO django_admin_log VALUES(438,'430','CRZO',3,'',8,1,'2018-07-03 06:08:54.458981');
INSERT INTO django_admin_log VALUES(439,'429','DYAX',3,'',8,1,'2018-07-03 06:08:54.460680');
INSERT INTO django_admin_log VALUES(440,'428','RICE',3,'',8,1,'2018-07-03 06:08:54.462122');
INSERT INTO django_admin_log VALUES(441,'427','RRC',3,'',8,1,'2018-07-03 06:08:54.464162');
INSERT INTO django_admin_log VALUES(442,'426','PDCE',3,'',8,1,'2018-07-03 06:08:54.465961');
INSERT INTO django_admin_log VALUES(443,'425','PTEN',3,'',8,1,'2018-07-03 06:08:54.467730');
INSERT INTO django_admin_log VALUES(444,'424','WLTW',3,'',8,1,'2018-07-03 06:08:54.469576');
INSERT INTO django_admin_log VALUES(445,'423','FMC',3,'',8,1,'2018-07-03 06:08:54.471648');
INSERT INTO django_admin_log VALUES(446,'422','LRCX',3,'',8,1,'2018-07-03 06:08:54.473788');
INSERT INTO django_admin_log VALUES(447,'421','W',3,'',8,1,'2018-07-03 06:08:54.475650');
INSERT INTO django_admin_log VALUES(448,'420','TMST',3,'',8,1,'2018-07-03 06:08:54.477887');
INSERT INTO django_admin_log VALUES(449,'419','LNG',3,'',8,1,'2018-07-03 06:08:54.480188');
INSERT INTO django_admin_log VALUES(450,'418','NVDA',3,'',8,1,'2018-07-03 06:08:54.482281');
INSERT INTO django_admin_log VALUES(451,'417','HAL',3,'',8,1,'2018-07-03 06:08:54.483977');
INSERT INTO django_admin_log VALUES(452,'416','MPLX',3,'',8,1,'2018-07-03 06:08:54.486124');
INSERT INTO django_admin_log VALUES(453,'415','CLVS',3,'',8,1,'2018-07-03 06:08:54.487917');
INSERT INTO django_admin_log VALUES(454,'414','SGMO',3,'',8,1,'2018-07-03 06:08:54.489981');
INSERT INTO django_admin_log VALUES(455,'413','NKTR',3,'',8,1,'2018-07-03 06:08:54.491872');
INSERT INTO django_admin_log VALUES(456,'412','NTNX',3,'',8,1,'2018-07-03 06:08:54.494352');
INSERT INTO django_admin_log VALUES(457,'411','NOW',3,'',8,1,'2018-07-03 06:08:54.496641');
INSERT INTO django_admin_log VALUES(458,'410','APC',3,'',8,1,'2018-07-03 06:08:54.498522');
INSERT INTO django_admin_log VALUES(459,'409','PTXP',3,'',8,1,'2018-07-03 06:08:54.500443');
INSERT INTO django_admin_log VALUES(460,'408','SQ',3,'',8,1,'2018-07-03 06:08:54.502192');
INSERT INTO django_admin_log VALUES(461,'407','PSTG',3,'',8,1,'2018-07-03 06:08:54.503822');
INSERT INTO django_admin_log VALUES(462,'406','CRZO',3,'',8,1,'2018-07-03 06:08:54.505426');
INSERT INTO django_admin_log VALUES(463,'405','DYAX',3,'',8,1,'2018-07-03 06:08:54.507107');
INSERT INTO django_admin_log VALUES(464,'404','RICE',3,'',8,1,'2018-07-03 06:08:54.509105');
INSERT INTO django_admin_log VALUES(465,'403','RRC',3,'',8,1,'2018-07-03 06:08:54.510797');
INSERT INTO django_admin_log VALUES(466,'402','PDCE',3,'',8,1,'2018-07-03 06:08:54.512330');
INSERT INTO django_admin_log VALUES(467,'401','PTEN',3,'',8,1,'2018-07-03 06:08:54.514064');
INSERT INTO django_admin_log VALUES(468,'400','WLTW',3,'',8,1,'2018-07-03 06:08:54.516091');
INSERT INTO django_admin_log VALUES(469,'399','FMC',3,'',8,1,'2018-07-03 06:08:54.517890');
INSERT INTO django_admin_log VALUES(470,'398','LRCX',3,'',8,1,'2018-07-03 06:08:54.519557');
INSERT INTO django_admin_log VALUES(471,'397','W',3,'',8,1,'2018-07-03 06:08:54.521472');
INSERT INTO django_admin_log VALUES(472,'396','TMST',3,'',8,1,'2018-07-03 06:08:54.523379');
INSERT INTO django_admin_log VALUES(473,'395','LNG',3,'',8,1,'2018-07-03 06:08:54.525469');
INSERT INTO django_admin_log VALUES(474,'394','NVDA',3,'',8,1,'2018-07-03 06:08:54.527267');
INSERT INTO django_admin_log VALUES(475,'393','HAL',3,'',8,1,'2018-07-03 06:08:54.528894');
INSERT INTO django_admin_log VALUES(476,'392','MPLX',3,'',8,1,'2018-07-03 06:08:54.530767');
INSERT INTO django_admin_log VALUES(477,'391','CLVS',3,'',8,1,'2018-07-03 06:08:54.532769');
INSERT INTO django_admin_log VALUES(478,'390','SGMO',3,'',8,1,'2018-07-03 06:08:54.534553');
INSERT INTO django_admin_log VALUES(479,'389','NKTR',3,'',8,1,'2018-07-03 06:08:54.536465');
INSERT INTO django_admin_log VALUES(480,'388','NTNX',3,'',8,1,'2018-07-03 06:08:54.538514');
INSERT INTO django_admin_log VALUES(481,'387','NOW',3,'',8,1,'2018-07-03 06:08:54.540473');
INSERT INTO django_admin_log VALUES(482,'386','APC',3,'',8,1,'2018-07-03 06:08:54.542611');
INSERT INTO django_admin_log VALUES(483,'385','PTXP',3,'',8,1,'2018-07-03 06:08:54.544393');
INSERT INTO django_admin_log VALUES(484,'384','SQ',3,'',8,1,'2018-07-03 06:08:54.546528');
INSERT INTO django_admin_log VALUES(485,'383','PSTG',3,'',8,1,'2018-07-03 06:08:54.548381');
INSERT INTO django_admin_log VALUES(486,'382','CRZO',3,'',8,1,'2018-07-03 06:08:54.550205');
INSERT INTO django_admin_log VALUES(487,'381','DYAX',3,'',8,1,'2018-07-03 06:08:54.551861');
INSERT INTO django_admin_log VALUES(488,'380','RICE',3,'',8,1,'2018-07-03 06:08:54.554146');
INSERT INTO django_admin_log VALUES(489,'379','RRC',3,'',8,1,'2018-07-03 06:08:54.556030');
INSERT INTO django_admin_log VALUES(490,'378','PDCE',3,'',8,1,'2018-07-03 06:08:54.557930');
INSERT INTO django_admin_log VALUES(491,'377','NRZ',3,'',8,1,'2018-07-03 06:08:54.559400');
INSERT INTO django_admin_log VALUES(492,'376','XEC',3,'',8,1,'2018-07-03 06:08:54.561002');
INSERT INTO django_admin_log VALUES(493,'375','NOW',3,'',8,1,'2018-07-03 06:08:54.562714');
INSERT INTO django_admin_log VALUES(494,'374','EXEL',3,'',8,1,'2018-07-03 06:08:54.564829');
INSERT INTO django_admin_log VALUES(495,'373','MTDR',3,'',8,1,'2018-07-03 06:08:54.566659');
INSERT INTO django_admin_log VALUES(496,'372','TTD',3,'',8,1,'2018-07-03 06:08:54.568528');
INSERT INTO django_admin_log VALUES(497,'371','NTNX',3,'',8,1,'2018-07-03 06:08:54.570140');
INSERT INTO django_admin_log VALUES(498,'370','BHI',3,'',8,1,'2018-07-03 06:08:54.571912');
INSERT INTO django_admin_log VALUES(499,'369','PDCE',3,'',8,1,'2018-07-03 06:08:54.573618');
INSERT INTO django_admin_log VALUES(500,'368','MPLX',3,'',8,1,'2018-07-03 06:08:54.575485');
INSERT INTO django_admin_log VALUES(501,'367','HAL',3,'',8,1,'2018-07-03 06:08:54.576857');
INSERT INTO django_admin_log VALUES(502,'366','PE',3,'',8,1,'2018-07-03 06:08:54.578605');
INSERT INTO django_admin_log VALUES(503,'365','MDVN',3,'',8,1,'2018-07-03 06:08:54.580200');
INSERT INTO django_admin_log VALUES(504,'364','SRPT',3,'',8,1,'2018-07-03 06:08:54.581624');
INSERT INTO django_admin_log VALUES(505,'363','O',3,'',8,1,'2018-07-03 06:08:54.583074');
INSERT INTO django_admin_log VALUES(506,'362','ANAC',3,'',8,1,'2018-07-03 06:08:54.584596');
INSERT INTO django_admin_log VALUES(507,'361','EOG',3,'',8,1,'2018-07-03 06:08:54.586479');
INSERT INTO django_admin_log VALUES(508,'360','HALO',3,'',8,1,'2018-07-03 06:08:54.588071');
INSERT INTO django_admin_log VALUES(509,'359','REG',3,'',8,1,'2018-07-03 06:08:54.589876');
INSERT INTO django_admin_log VALUES(510,'358','WDAY',3,'',8,1,'2018-07-03 06:08:54.591484');
INSERT INTO django_admin_log VALUES(511,'357','TAP',3,'',8,1,'2018-07-03 06:08:54.592925');
INSERT INTO django_admin_log VALUES(512,'356','HFC',3,'',8,1,'2018-07-03 06:08:54.594395');
INSERT INTO django_admin_log VALUES(513,'355','AON',3,'',8,1,'2018-07-03 06:08:54.595887');
INSERT INTO django_admin_log VALUES(514,'354','ALNY',3,'',8,1,'2018-07-03 06:08:54.597314');
INSERT INTO django_admin_log VALUES(515,'353','NRZ',3,'',8,1,'2018-07-03 06:08:54.599124');
INSERT INTO django_admin_log VALUES(516,'352','XEC',3,'',8,1,'2018-07-03 06:08:54.601396');
INSERT INTO django_admin_log VALUES(517,'351','NOW',3,'',8,1,'2018-07-03 06:08:54.603161');
INSERT INTO django_admin_log VALUES(518,'350','EXEL',3,'',8,1,'2018-07-03 06:08:54.604798');
INSERT INTO django_admin_log VALUES(519,'349','MTDR',3,'',8,1,'2018-07-03 06:08:54.606225');
INSERT INTO django_admin_log VALUES(520,'348','TTD',3,'',8,1,'2018-07-03 06:08:54.607636');
INSERT INTO django_admin_log VALUES(521,'347','NTNX',3,'',8,1,'2018-07-03 06:08:54.608984');
INSERT INTO django_admin_log VALUES(522,'346','BHI',3,'',8,1,'2018-07-03 06:08:54.610496');
INSERT INTO django_admin_log VALUES(523,'345','PDCE',3,'',8,1,'2018-07-03 06:08:54.612083');
INSERT INTO django_admin_log VALUES(524,'344','MPLX',3,'',8,1,'2018-07-03 06:08:54.613533');
INSERT INTO django_admin_log VALUES(525,'343','HAL',3,'',8,1,'2018-07-03 06:08:54.614935');
INSERT INTO django_admin_log VALUES(526,'342','PE',3,'',8,1,'2018-07-03 06:08:54.616741');
INSERT INTO django_admin_log VALUES(527,'341','MDVN',3,'',8,1,'2018-07-03 06:08:54.618842');
INSERT INTO django_admin_log VALUES(528,'340','SRPT',3,'',8,1,'2018-07-03 06:08:54.620654');
INSERT INTO django_admin_log VALUES(529,'339','O',3,'',8,1,'2018-07-03 06:08:54.622255');
INSERT INTO django_admin_log VALUES(530,'338','ANAC',3,'',8,1,'2018-07-03 06:08:54.623605');
INSERT INTO django_admin_log VALUES(531,'337','EOG',3,'',8,1,'2018-07-03 06:08:54.625060');
INSERT INTO django_admin_log VALUES(532,'336','HALO',3,'',8,1,'2018-07-03 06:08:54.626576');
INSERT INTO django_admin_log VALUES(533,'335','REG',3,'',8,1,'2018-07-03 06:08:54.628242');
INSERT INTO django_admin_log VALUES(534,'334','WDAY',3,'',8,1,'2018-07-03 06:08:54.630105');
INSERT INTO django_admin_log VALUES(535,'333','TAP',3,'',8,1,'2018-07-03 06:08:54.631504');
INSERT INTO django_admin_log VALUES(536,'332','HFC',3,'',8,1,'2018-07-03 06:08:54.633281');
INSERT INTO django_admin_log VALUES(537,'331','AON',3,'',8,1,'2018-07-03 06:08:54.635155');
INSERT INTO django_admin_log VALUES(538,'330','ALNY',3,'',8,1,'2018-07-03 06:08:54.636757');
INSERT INTO django_admin_log VALUES(539,'614','AMTD',3,'',8,1,'2018-07-03 06:12:25.328869');
INSERT INTO django_admin_log VALUES(540,'613','WDAY',3,'',8,1,'2018-07-03 06:12:25.336608');
INSERT INTO django_admin_log VALUES(541,'612','EXEL',3,'',8,1,'2018-07-03 06:12:25.338616');
INSERT INTO django_admin_log VALUES(542,'611','LRCX',3,'',8,1,'2018-07-03 06:12:25.340283');
INSERT INTO django_admin_log VALUES(543,'610','EGN',3,'',8,1,'2018-07-03 06:12:25.342428');
INSERT INTO django_admin_log VALUES(544,'609','ADI',3,'',8,1,'2018-07-03 06:12:25.344025');
INSERT INTO django_admin_log VALUES(545,'608','JUNO',3,'',8,1,'2018-07-03 06:12:25.345415');
INSERT INTO django_admin_log VALUES(546,'607','NKTR',3,'',8,1,'2018-07-03 06:12:25.346900');
INSERT INTO django_admin_log VALUES(547,'606','AMZN',3,'',8,1,'2018-07-03 06:12:25.348314');
INSERT INTO django_admin_log VALUES(548,'605','FMC',3,'',8,1,'2018-07-03 06:12:25.349665');
INSERT INTO django_admin_log VALUES(549,'604','HDP',3,'',8,1,'2018-07-03 06:12:25.351302');
INSERT INTO django_admin_log VALUES(550,'603','ACAD',3,'',8,1,'2018-07-03 06:12:25.352962');
INSERT INTO django_admin_log VALUES(551,'602','RRC',3,'',8,1,'2018-07-03 06:12:25.354395');
INSERT INTO django_admin_log VALUES(552,'601','RICE',3,'',8,1,'2018-07-03 06:12:25.355738');
INSERT INTO django_admin_log VALUES(553,'600','NOW',3,'',8,1,'2018-07-03 06:12:25.357192');
INSERT INTO django_admin_log VALUES(554,'599','CMC',3,'',8,1,'2018-07-03 06:12:25.358497');
INSERT INTO django_admin_log VALUES(555,'598','SRPT',3,'',8,1,'2018-07-03 06:12:25.360024');
INSERT INTO django_admin_log VALUES(556,'597','AON',3,'',8,1,'2018-07-03 06:12:25.361471');
INSERT INTO django_admin_log VALUES(557,'596','AM',3,'',8,1,'2018-07-03 06:12:25.362773');
INSERT INTO django_admin_log VALUES(558,'595','CLVS',3,'',8,1,'2018-07-03 06:12:25.363912');
INSERT INTO django_admin_log VALUES(559,'594','SPLK',3,'',8,1,'2018-07-03 06:12:25.365416');
INSERT INTO django_admin_log VALUES(560,'593','KIM',3,'',8,1,'2018-07-03 06:12:25.367034');
INSERT INTO django_admin_log VALUES(561,'592','EXPD',3,'',8,1,'2018-07-03 06:12:25.368353');
INSERT INTO django_admin_log VALUES(562,'591','AMTD',3,'',8,1,'2018-07-03 06:12:25.369534');
INSERT INTO django_admin_log VALUES(563,'590','WDAY',3,'',8,1,'2018-07-03 06:12:25.370993');
INSERT INTO django_admin_log VALUES(564,'589','EXEL',3,'',8,1,'2018-07-03 06:12:25.372204');
INSERT INTO django_admin_log VALUES(565,'588','LRCX',3,'',8,1,'2018-07-03 06:12:25.373597');
INSERT INTO django_admin_log VALUES(566,'587','EGN',3,'',8,1,'2018-07-03 06:12:25.374892');
INSERT INTO django_admin_log VALUES(567,'586','ADI',3,'',8,1,'2018-07-03 06:12:25.376066');
INSERT INTO django_admin_log VALUES(568,'585','JUNO',3,'',8,1,'2018-07-03 06:12:25.377305');
INSERT INTO django_admin_log VALUES(569,'584','NKTR',3,'',8,1,'2018-07-03 06:12:25.378568');
INSERT INTO django_admin_log VALUES(570,'583','AMZN',3,'',8,1,'2018-07-03 06:12:25.380122');
INSERT INTO django_admin_log VALUES(571,'582','FMC',3,'',8,1,'2018-07-03 06:12:25.381389');
INSERT INTO django_admin_log VALUES(572,'581','HDP',3,'',8,1,'2018-07-03 06:12:25.382664');
INSERT INTO django_admin_log VALUES(573,'580','ACAD',3,'',8,1,'2018-07-03 06:12:25.383929');
INSERT INTO django_admin_log VALUES(574,'579','RRC',3,'',8,1,'2018-07-03 06:12:25.385172');
INSERT INTO django_admin_log VALUES(575,'578','RICE',3,'',8,1,'2018-07-03 06:12:25.386642');
INSERT INTO django_admin_log VALUES(576,'577','NOW',3,'',8,1,'2018-07-03 06:12:25.387861');
INSERT INTO django_admin_log VALUES(577,'576','CMC',3,'',8,1,'2018-07-03 06:12:25.389717');
INSERT INTO django_admin_log VALUES(578,'575','SRPT',3,'',8,1,'2018-07-03 06:12:25.392010');
INSERT INTO django_admin_log VALUES(579,'574','AON',3,'',8,1,'2018-07-03 06:12:25.393778');
INSERT INTO django_admin_log VALUES(580,'573','AM',3,'',8,1,'2018-07-03 06:12:25.395587');
INSERT INTO django_admin_log VALUES(581,'572','CLVS',3,'',8,1,'2018-07-03 06:12:25.397231');
INSERT INTO django_admin_log VALUES(582,'571','SPLK',3,'',8,1,'2018-07-03 06:12:25.399263');
INSERT INTO django_admin_log VALUES(583,'570','KIM',3,'',8,1,'2018-07-03 06:12:25.401117');
INSERT INTO django_admin_log VALUES(584,'569','EXPD',3,'',8,1,'2018-07-03 06:12:25.403212');
INSERT INTO django_admin_log VALUES(585,'568','AMTD',3,'',8,1,'2018-07-03 06:12:25.405097');
INSERT INTO django_admin_log VALUES(586,'567','WDAY',3,'',8,1,'2018-07-03 06:12:25.406809');
INSERT INTO django_admin_log VALUES(587,'566','EXEL',3,'',8,1,'2018-07-03 06:12:25.408727');
INSERT INTO django_admin_log VALUES(588,'565','LRCX',3,'',8,1,'2018-07-03 06:12:25.411016');
INSERT INTO django_admin_log VALUES(589,'564','EGN',3,'',8,1,'2018-07-03 06:12:25.413033');
INSERT INTO django_admin_log VALUES(590,'563','ADI',3,'',8,1,'2018-07-03 06:12:25.415318');
INSERT INTO django_admin_log VALUES(591,'562','JUNO',3,'',8,1,'2018-07-03 06:12:25.417008');
INSERT INTO django_admin_log VALUES(592,'561','NKTR',3,'',8,1,'2018-07-03 06:12:25.418951');
INSERT INTO django_admin_log VALUES(593,'560','AMZN',3,'',8,1,'2018-07-03 06:12:25.420795');
INSERT INTO django_admin_log VALUES(594,'559','FMC',3,'',8,1,'2018-07-03 06:12:25.422990');
INSERT INTO django_admin_log VALUES(595,'558','HDP',3,'',8,1,'2018-07-03 06:12:25.424756');
INSERT INTO django_admin_log VALUES(596,'557','ACAD',3,'',8,1,'2018-07-03 06:12:25.426876');
INSERT INTO django_admin_log VALUES(597,'556','RRC',3,'',8,1,'2018-07-03 06:12:25.428747');
INSERT INTO django_admin_log VALUES(598,'555','RICE',3,'',8,1,'2018-07-03 06:12:25.430600');
INSERT INTO django_admin_log VALUES(599,'554','NOW',3,'',8,1,'2018-07-03 06:12:25.432357');
INSERT INTO django_admin_log VALUES(600,'553','CMC',3,'',8,1,'2018-07-03 06:12:25.434330');
INSERT INTO django_admin_log VALUES(601,'552','SRPT',3,'',8,1,'2018-07-03 06:12:25.436367');
INSERT INTO django_admin_log VALUES(602,'551','AON',3,'',8,1,'2018-07-03 06:12:25.438128');
INSERT INTO django_admin_log VALUES(603,'550','AM',3,'',8,1,'2018-07-03 06:12:25.439955');
INSERT INTO django_admin_log VALUES(604,'549','CLVS',3,'',8,1,'2018-07-03 06:12:25.441695');
INSERT INTO django_admin_log VALUES(605,'548','SPLK',3,'',8,1,'2018-07-03 06:12:25.443253');
INSERT INTO django_admin_log VALUES(606,'547','KIM',3,'',8,1,'2018-07-03 06:12:25.445373');
INSERT INTO django_admin_log VALUES(607,'546','EXPD',3,'',8,1,'2018-07-03 06:12:25.447064');
INSERT INTO django_admin_log VALUES(608,'545','PTEN',3,'',8,1,'2018-07-03 06:12:25.448776');
INSERT INTO django_admin_log VALUES(609,'544','WLTW',3,'',8,1,'2018-07-03 06:12:25.450646');
INSERT INTO django_admin_log VALUES(610,'543','FMC',3,'',8,1,'2018-07-03 06:12:25.452678');
INSERT INTO django_admin_log VALUES(611,'542','LRCX',3,'',8,1,'2018-07-03 06:12:25.454541');
INSERT INTO django_admin_log VALUES(612,'541','W',3,'',8,1,'2018-07-03 06:12:25.456297');
INSERT INTO django_admin_log VALUES(613,'540','TMST',3,'',8,1,'2018-07-03 06:12:25.457865');
INSERT INTO django_admin_log VALUES(614,'539','LNG',3,'',8,1,'2018-07-03 06:12:25.459388');
INSERT INTO django_admin_log VALUES(615,'538','NVDA',3,'',8,1,'2018-07-03 06:12:25.461204');
INSERT INTO django_admin_log VALUES(616,'537','HAL',3,'',8,1,'2018-07-03 06:12:25.463129');
INSERT INTO django_admin_log VALUES(617,'536','MPLX',3,'',8,1,'2018-07-03 06:12:25.464966');
INSERT INTO django_admin_log VALUES(618,'535','CLVS',3,'',8,1,'2018-07-03 06:12:25.467080');
INSERT INTO django_admin_log VALUES(619,'534','SGMO',3,'',8,1,'2018-07-03 06:12:25.468799');
INSERT INTO django_admin_log VALUES(620,'533','NKTR',3,'',8,1,'2018-07-03 06:12:25.471009');
INSERT INTO django_admin_log VALUES(621,'532','NTNX',3,'',8,1,'2018-07-03 06:12:25.473048');
INSERT INTO django_admin_log VALUES(622,'531','NOW',3,'',8,1,'2018-07-03 06:12:25.475243');
INSERT INTO django_admin_log VALUES(623,'530','APC',3,'',8,1,'2018-07-03 06:12:25.477039');
INSERT INTO django_admin_log VALUES(624,'529','PTXP',3,'',8,1,'2018-07-03 06:12:25.479417');
INSERT INTO django_admin_log VALUES(625,'528','SQ',3,'',8,1,'2018-07-03 06:12:25.481184');
INSERT INTO django_admin_log VALUES(626,'527','PSTG',3,'',8,1,'2018-07-03 06:12:25.482786');
INSERT INTO django_admin_log VALUES(627,'526','CRZO',3,'',8,1,'2018-07-03 06:12:25.484392');
INSERT INTO django_admin_log VALUES(628,'525','DYAX',3,'',8,1,'2018-07-03 06:12:25.486038');
INSERT INTO django_admin_log VALUES(629,'524','RICE',3,'',8,1,'2018-07-03 06:12:25.487627');
INSERT INTO django_admin_log VALUES(630,'523','RRC',3,'',8,1,'2018-07-03 06:12:25.489394');
INSERT INTO django_admin_log VALUES(631,'522','PDCE',3,'',8,1,'2018-07-03 06:12:25.491274');
INSERT INTO django_admin_log VALUES(632,'637','AMZN',3,'',8,1,'2018-07-03 06:14:33.256298');
INSERT INTO django_admin_log VALUES(633,'636','CNL',3,'',8,1,'2018-07-03 06:14:33.263967');
INSERT INTO django_admin_log VALUES(634,'635','TMST',3,'',8,1,'2018-07-03 06:14:33.266171');
INSERT INTO django_admin_log VALUES(635,'634','APC',3,'',8,1,'2018-07-03 06:14:33.268151');
INSERT INTO django_admin_log VALUES(636,'633','TROX',3,'',8,1,'2018-07-03 06:14:33.270060');
INSERT INTO django_admin_log VALUES(637,'632','MPLX',3,'',8,1,'2018-07-03 06:14:33.272209');
INSERT INTO django_admin_log VALUES(638,'631','NKTR',3,'',8,1,'2018-07-03 06:14:33.274002');
INSERT INTO django_admin_log VALUES(639,'630','HFC',3,'',8,1,'2018-07-03 06:14:33.275961');
INSERT INTO django_admin_log VALUES(640,'629','AON',3,'',8,1,'2018-07-03 06:14:33.277784');
INSERT INTO django_admin_log VALUES(641,'628','DYAX',3,'',8,1,'2018-07-03 06:14:33.279621');
INSERT INTO django_admin_log VALUES(642,'627','ZLTQ',3,'',8,1,'2018-07-03 06:14:33.281447');
INSERT INTO django_admin_log VALUES(643,'626','PTEN',3,'',8,1,'2018-07-03 06:14:33.283274');
INSERT INTO django_admin_log VALUES(644,'625','HTS',3,'',8,1,'2018-07-03 06:14:33.285378');
INSERT INTO django_admin_log VALUES(645,'624','FMC',3,'',8,1,'2018-07-03 06:14:33.287273');
INSERT INTO django_admin_log VALUES(646,'623','AIV',3,'',8,1,'2018-07-03 06:14:33.289024');
INSERT INTO django_admin_log VALUES(647,'622','SHW',3,'',8,1,'2018-07-03 06:14:33.290951');
INSERT INTO django_admin_log VALUES(648,'621','SCTY',3,'',8,1,'2018-07-03 06:14:33.292764');
INSERT INTO django_admin_log VALUES(649,'620','NTNX',3,'',8,1,'2018-07-03 06:14:33.294395');
INSERT INTO django_admin_log VALUES(650,'619','ANAC',3,'',8,1,'2018-07-03 06:14:33.295924');
INSERT INTO django_admin_log VALUES(651,'618','ACAD',3,'',8,1,'2018-07-03 06:14:33.297738');
INSERT INTO django_admin_log VALUES(652,'617','FANG',3,'',8,1,'2018-07-03 06:14:33.299782');
INSERT INTO django_admin_log VALUES(653,'616','NFLX',3,'',8,1,'2018-07-03 06:14:33.302118');
INSERT INTO django_admin_log VALUES(654,'615','RRC',3,'',8,1,'2018-07-03 06:14:33.303935');
INSERT INTO django_admin_log VALUES(655,'661','REG',3,'',8,1,'2018-07-03 06:17:07.640528');
INSERT INTO django_admin_log VALUES(656,'660','ANAC',3,'',8,1,'2018-07-03 06:17:07.642540');
INSERT INTO django_admin_log VALUES(657,'659','TROX',3,'',8,1,'2018-07-03 06:17:07.643991');
INSERT INTO django_admin_log VALUES(658,'658','XEC',3,'',8,1,'2018-07-03 06:17:07.645641');
INSERT INTO django_admin_log VALUES(659,'657','PTXP',3,'',8,1,'2018-07-03 06:17:07.647140');
INSERT INTO django_admin_log VALUES(660,'656','MU',3,'',8,1,'2018-07-03 06:17:07.648500');
INSERT INTO django_admin_log VALUES(661,'655','CNL',3,'',8,1,'2018-07-03 06:17:07.649988');
INSERT INTO django_admin_log VALUES(662,'654','AON',3,'',8,1,'2018-07-03 06:17:07.651934');
INSERT INTO django_admin_log VALUES(663,'653','WLTW',3,'',8,1,'2018-07-03 06:17:07.653431');
INSERT INTO django_admin_log VALUES(664,'652','SCTY',3,'',8,1,'2018-07-03 06:17:07.654914');
INSERT INTO django_admin_log VALUES(665,'651','RICE',3,'',8,1,'2018-07-03 06:17:07.656306');
INSERT INTO django_admin_log VALUES(666,'650','TSRO',3,'',8,1,'2018-07-03 06:17:07.657705');
INSERT INTO django_admin_log VALUES(667,'649','FB',3,'',8,1,'2018-07-03 06:17:07.659168');
INSERT INTO django_admin_log VALUES(668,'648','NTNX',3,'',8,1,'2018-07-03 06:17:07.660720');
INSERT INTO django_admin_log VALUES(669,'647','RRC',3,'',8,1,'2018-07-03 06:17:07.662248');
INSERT INTO django_admin_log VALUES(670,'646','PXD',3,'',8,1,'2018-07-03 06:17:07.663612');
INSERT INTO django_admin_log VALUES(671,'645','NKTR',3,'',8,1,'2018-07-03 06:17:07.665121');
INSERT INTO django_admin_log VALUES(672,'644','RSPP',3,'',8,1,'2018-07-03 06:17:07.666505');
INSERT INTO django_admin_log VALUES(673,'643','WDAY',3,'',8,1,'2018-07-03 06:17:07.667752');
INSERT INTO django_admin_log VALUES(674,'642','SQ',3,'',8,1,'2018-07-03 06:17:07.669011');
INSERT INTO django_admin_log VALUES(675,'641','FMC',3,'',8,1,'2018-07-03 06:17:07.670345');
INSERT INTO django_admin_log VALUES(676,'640','ADI',3,'',8,1,'2018-07-03 06:17:07.671668');
INSERT INTO django_admin_log VALUES(677,'639','TSLA',3,'',8,1,'2018-07-03 06:17:07.673078');
INSERT INTO django_admin_log VALUES(678,'638','PTEN',3,'',8,1,'2018-07-03 06:17:07.674448');
INSERT INTO django_admin_log VALUES(679,'703','RRC',3,'',8,1,'2018-07-03 08:51:08.919962');
INSERT INTO django_admin_log VALUES(680,'702','NVDA',3,'',8,1,'2018-07-03 08:51:08.928765');
INSERT INTO django_admin_log VALUES(681,'701','APC',3,'',8,1,'2018-07-03 08:51:08.930634');
INSERT INTO django_admin_log VALUES(682,'700','EXEL',3,'',8,1,'2018-07-03 08:51:08.932954');
INSERT INTO django_admin_log VALUES(683,'699','NFLX',3,'',8,1,'2018-07-03 08:51:08.934673');
INSERT INTO django_admin_log VALUES(684,'698','FB',3,'',8,1,'2018-07-03 08:51:08.936806');
INSERT INTO django_admin_log VALUES(685,'697','WLTW',3,'',8,1,'2018-07-03 08:51:08.938710');
INSERT INTO django_admin_log VALUES(686,'696','HTS',3,'',8,1,'2018-07-03 08:51:08.941118');
INSERT INTO django_admin_log VALUES(687,'695','TROX',3,'',8,1,'2018-07-03 08:51:08.942905');
INSERT INTO django_admin_log VALUES(688,'694','NKTR',3,'',8,1,'2018-07-03 08:51:08.945546');
INSERT INTO django_admin_log VALUES(689,'693','FANG',3,'',8,1,'2018-07-03 08:51:08.947619');
INSERT INTO django_admin_log VALUES(690,'692','WDAY',3,'',8,1,'2018-07-03 08:51:08.949878');
INSERT INTO django_admin_log VALUES(691,'691','SQ',3,'',8,1,'2018-07-03 08:51:08.951958');
INSERT INTO django_admin_log VALUES(692,'690','PYPL',3,'',8,1,'2018-07-03 08:51:08.953788');
INSERT INTO django_admin_log VALUES(693,'689','MTDR',3,'',8,1,'2018-07-03 08:51:08.956001');
INSERT INTO django_admin_log VALUES(694,'688','LNKD',3,'',8,1,'2018-07-03 08:51:08.958295');
INSERT INTO django_admin_log VALUES(695,'687','AIV',3,'',8,1,'2018-07-03 08:51:08.960147');
INSERT INTO django_admin_log VALUES(696,'686','AM',3,'',8,1,'2018-07-03 08:51:08.962357');
INSERT INTO django_admin_log VALUES(697,'685','CNL',3,'',8,1,'2018-07-03 08:51:08.964252');
INSERT INTO django_admin_log VALUES(698,'684','CNX',3,'',8,1,'2018-07-03 08:51:08.966503');
INSERT INTO django_admin_log VALUES(699,'683','SPLK',3,'',8,1,'2018-07-03 08:51:08.968005');
INSERT INTO django_admin_log VALUES(700,'682','TAP',3,'',8,1,'2018-07-03 08:51:08.970342');
INSERT INTO django_admin_log VALUES(701,'681','ADI',3,'',8,1,'2018-07-03 08:51:08.972559');
INSERT INTO django_admin_log VALUES(702,'680','REG',3,'',8,1,'2018-07-03 08:51:08.975080');
INSERT INTO django_admin_log VALUES(703,'679','SLCA',3,'',8,1,'2018-07-03 08:51:08.977519');
INSERT INTO django_admin_log VALUES(704,'678','PTEN',3,'',8,1,'2018-07-03 08:51:08.980008');
INSERT INTO django_admin_log VALUES(705,'677','TSLA',3,'',8,1,'2018-07-03 08:51:08.982521');
INSERT INTO django_admin_log VALUES(706,'676','AON',3,'',8,1,'2018-07-03 08:51:08.985336');
INSERT INTO django_admin_log VALUES(707,'675','HP',3,'',8,1,'2018-07-03 08:51:08.987352');
INSERT INTO django_admin_log VALUES(708,'674','BCEI',3,'',8,1,'2018-07-03 08:51:08.989287');
INSERT INTO django_admin_log VALUES(709,'673','ANAC',3,'',8,1,'2018-07-03 08:51:08.991085');
INSERT INTO django_admin_log VALUES(710,'672','O',3,'',8,1,'2018-07-03 08:51:08.992653');
INSERT INTO django_admin_log VALUES(711,'671','FMC',3,'',8,1,'2018-07-03 08:51:08.994476');
INSERT INTO django_admin_log VALUES(712,'670','NXST',3,'',8,1,'2018-07-03 08:51:08.996330');
INSERT INTO django_admin_log VALUES(713,'669','LRCX',3,'',8,1,'2018-07-03 08:51:08.998097');
INSERT INTO django_admin_log VALUES(714,'668','PXD',3,'',8,1,'2018-07-03 08:51:08.999619');
INSERT INTO django_admin_log VALUES(715,'667','RICE',3,'',8,1,'2018-07-03 08:51:09.001123');
INSERT INTO django_admin_log VALUES(716,'666','MDVN',3,'',8,1,'2018-07-03 08:51:09.002627');
INSERT INTO django_admin_log VALUES(717,'665','NOW',3,'',8,1,'2018-07-03 08:51:09.004343');
INSERT INTO django_admin_log VALUES(718,'664','CBOE',3,'',8,1,'2018-07-03 08:51:09.005846');
INSERT INTO django_admin_log VALUES(719,'663','ZLTQ',3,'',8,1,'2018-07-03 08:51:09.007440');
INSERT INTO django_admin_log VALUES(720,'662','TSRO',3,'',8,1,'2018-07-03 08:51:09.008952');
INSERT INTO django_admin_log VALUES(721,'752','CXO',3,'',8,1,'2018-07-03 08:57:31.368771');
INSERT INTO django_admin_log VALUES(722,'751','AON',3,'',8,1,'2018-07-03 08:57:31.376858');
INSERT INTO django_admin_log VALUES(723,'750','LNG',3,'',8,1,'2018-07-03 08:57:31.379081');
INSERT INTO django_admin_log VALUES(724,'749','UCTT',3,'',8,1,'2018-07-03 08:57:31.381118');
INSERT INTO django_admin_log VALUES(725,'748','AMTD',3,'',8,1,'2018-07-03 08:57:31.383312');
INSERT INTO django_admin_log VALUES(726,'747','INCY',3,'',8,1,'2018-07-03 08:57:31.385140');
INSERT INTO django_admin_log VALUES(727,'746','SRPT',3,'',8,1,'2018-07-03 08:57:31.386760');
INSERT INTO django_admin_log VALUES(728,'745','MDVN',3,'',8,1,'2018-07-03 08:57:31.388804');
INSERT INTO django_admin_log VALUES(729,'744','PTXP',3,'',8,1,'2018-07-03 08:57:31.390492');
INSERT INTO django_admin_log VALUES(730,'743','TSLA',3,'',8,1,'2018-07-03 08:57:31.392290');
INSERT INTO django_admin_log VALUES(731,'742','FOLD',3,'',8,1,'2018-07-03 08:57:31.393834');
INSERT INTO django_admin_log VALUES(732,'741','HAL',3,'',8,1,'2018-07-03 08:57:31.395777');
INSERT INTO django_admin_log VALUES(733,'740','CLR',3,'',8,1,'2018-07-03 08:57:31.398070');
INSERT INTO django_admin_log VALUES(734,'739','BHI',3,'',8,1,'2018-07-03 08:57:31.400160');
INSERT INTO django_admin_log VALUES(735,'738','SLCA',3,'',8,1,'2018-07-03 08:57:31.401856');
INSERT INTO django_admin_log VALUES(736,'737','RSPP',3,'',8,1,'2018-07-03 08:57:31.403442');
INSERT INTO django_admin_log VALUES(737,'736','HP',3,'',8,1,'2018-07-03 08:57:31.405500');
INSERT INTO django_admin_log VALUES(738,'735','EXAS',3,'',8,1,'2018-07-03 08:57:31.407316');
INSERT INTO django_admin_log VALUES(739,'734','EXPD',3,'',8,1,'2018-07-03 08:57:31.409279');
INSERT INTO django_admin_log VALUES(740,'733','KIM',3,'',8,1,'2018-07-03 08:57:31.411164');
INSERT INTO django_admin_log VALUES(741,'732','AMZN',3,'',8,1,'2018-07-03 08:57:31.413432');
INSERT INTO django_admin_log VALUES(742,'731','TAP',3,'',8,1,'2018-07-03 08:57:31.415885');
INSERT INTO django_admin_log VALUES(743,'730','JUNO',3,'',8,1,'2018-07-03 08:57:31.418024');
INSERT INTO django_admin_log VALUES(744,'729','DYAX',3,'',8,1,'2018-07-03 08:57:31.420195');
INSERT INTO django_admin_log VALUES(745,'728','WYNN',3,'',8,1,'2018-07-03 08:57:31.421938');
INSERT INTO django_admin_log VALUES(746,'727','FMC',3,'',8,1,'2018-07-03 08:57:31.423420');
INSERT INTO django_admin_log VALUES(747,'726','NTNX',3,'',8,1,'2018-07-03 08:57:31.425601');
INSERT INTO django_admin_log VALUES(748,'725','EGN',3,'',8,1,'2018-07-03 08:57:31.427932');
INSERT INTO django_admin_log VALUES(749,'724','CBOE',3,'',8,1,'2018-07-03 08:57:31.430184');
INSERT INTO django_admin_log VALUES(750,'723','RRC',3,'',8,1,'2018-07-03 08:57:31.432001');
INSERT INTO django_admin_log VALUES(751,'722','NVDA',3,'',8,1,'2018-07-03 08:57:31.434035');
INSERT INTO django_admin_log VALUES(752,'721','NXST',3,'',8,1,'2018-07-03 08:57:31.435922');
INSERT INTO django_admin_log VALUES(753,'720','APC',3,'',8,1,'2018-07-03 08:57:31.438172');
INSERT INTO django_admin_log VALUES(754,'719','PYPL',3,'',8,1,'2018-07-03 08:57:31.440527');
INSERT INTO django_admin_log VALUES(755,'718','EXEL',3,'',8,1,'2018-07-03 08:57:31.442621');
INSERT INTO django_admin_log VALUES(756,'717','AM',3,'',8,1,'2018-07-03 08:57:31.444815');
INSERT INTO django_admin_log VALUES(757,'716','ZLTQ',3,'',8,1,'2018-07-03 08:57:31.446974');
INSERT INTO django_admin_log VALUES(758,'715','NFLX',3,'',8,1,'2018-07-03 08:57:31.448746');
INSERT INTO django_admin_log VALUES(759,'714','FB',3,'',8,1,'2018-07-03 08:57:31.450622');
INSERT INTO django_admin_log VALUES(760,'713','WLTW',3,'',8,1,'2018-07-03 08:57:31.452709');
INSERT INTO django_admin_log VALUES(761,'712','BCEI',3,'',8,1,'2018-07-03 08:57:31.454909');
INSERT INTO django_admin_log VALUES(762,'711','HTS',3,'',8,1,'2018-07-03 08:57:31.456787');
INSERT INTO django_admin_log VALUES(763,'710','AIV',3,'',8,1,'2018-07-03 08:57:31.458874');
INSERT INTO django_admin_log VALUES(764,'709','TROX',3,'',8,1,'2018-07-03 08:57:31.461103');
INSERT INTO django_admin_log VALUES(765,'708','NKTR',3,'',8,1,'2018-07-03 08:57:31.463203');
INSERT INTO django_admin_log VALUES(766,'707','FANG',3,'',8,1,'2018-07-03 08:57:31.465036');
INSERT INTO django_admin_log VALUES(767,'706','WDAY',3,'',8,1,'2018-07-03 08:57:31.467203');
INSERT INTO django_admin_log VALUES(768,'705','SQ',3,'',8,1,'2018-07-03 08:57:31.468910');
INSERT INTO django_admin_log VALUES(769,'704','REG',3,'',8,1,'2018-07-03 08:57:31.470977');
INSERT INTO django_admin_log VALUES(770,'845','XEC',3,'',8,1,'2018-07-03 09:12:08.311085');
INSERT INTO django_admin_log VALUES(771,'844','CXO',3,'',8,1,'2018-07-03 09:12:08.318933');
INSERT INTO django_admin_log VALUES(772,'843','HP',3,'',8,1,'2018-07-03 09:12:08.321030');
INSERT INTO django_admin_log VALUES(773,'842','PYPL',3,'',8,1,'2018-07-03 09:12:08.323071');
INSERT INTO django_admin_log VALUES(774,'841','RRC',3,'',8,1,'2018-07-03 09:12:08.325191');
INSERT INTO django_admin_log VALUES(775,'840','CNL',3,'',8,1,'2018-07-03 09:12:08.327294');
INSERT INTO django_admin_log VALUES(776,'839','AMTD',3,'',8,1,'2018-07-03 09:12:08.329431');
INSERT INTO django_admin_log VALUES(777,'838','AON',3,'',8,1,'2018-07-03 09:12:08.331249');
INSERT INTO django_admin_log VALUES(778,'837','WDAY',3,'',8,1,'2018-07-03 09:12:08.333372');
INSERT INTO django_admin_log VALUES(779,'836','CBOE',3,'',8,1,'2018-07-03 09:12:08.335211');
INSERT INTO django_admin_log VALUES(780,'835','NXST',3,'',8,1,'2018-07-03 09:12:08.337322');
INSERT INTO django_admin_log VALUES(781,'834','DYAX',3,'',8,1,'2018-07-03 09:12:08.338961');
INSERT INTO django_admin_log VALUES(782,'833','AIV',3,'',8,1,'2018-07-03 09:12:08.340673');
INSERT INTO django_admin_log VALUES(783,'832','DRE',3,'',8,1,'2018-07-03 09:12:08.342329');
INSERT INTO django_admin_log VALUES(784,'831','EXEL',3,'',8,1,'2018-07-03 09:12:08.344380');
INSERT INTO django_admin_log VALUES(785,'830','ADI',3,'',8,1,'2018-07-03 09:12:08.346135');
INSERT INTO django_admin_log VALUES(786,'829','AMZN',3,'',8,1,'2018-07-03 09:12:08.347923');
INSERT INTO django_admin_log VALUES(787,'828','UCTT',3,'',8,1,'2018-07-03 09:12:08.349904');
INSERT INTO django_admin_log VALUES(788,'827','PE',3,'',8,1,'2018-07-03 09:12:08.351661');
INSERT INTO django_admin_log VALUES(789,'826','TXT',3,'',8,1,'2018-07-03 09:12:08.353087');
INSERT INTO django_admin_log VALUES(790,'825','SQ',3,'',8,1,'2018-07-03 09:12:08.354534');
INSERT INTO django_admin_log VALUES(791,'824','HTS',3,'',8,1,'2018-07-03 09:12:08.356475');
INSERT INTO django_admin_log VALUES(792,'823','NKTR',3,'',8,1,'2018-07-03 09:12:08.358672');
INSERT INTO django_admin_log VALUES(793,'822','NOW',3,'',8,1,'2018-07-03 09:12:08.360471');
INSERT INTO django_admin_log VALUES(794,'821','MDVN',3,'',8,1,'2018-07-03 09:12:08.362588');
INSERT INTO django_admin_log VALUES(795,'820','HAL',3,'',8,1,'2018-07-03 09:12:08.364423');
INSERT INTO django_admin_log VALUES(796,'819','MU',3,'',8,1,'2018-07-03 09:12:08.366494');
INSERT INTO django_admin_log VALUES(797,'818','EXPD',3,'',8,1,'2018-07-03 09:12:08.368359');
INSERT INTO django_admin_log VALUES(798,'817','CLVS',3,'',8,1,'2018-07-03 09:12:08.370598');
INSERT INTO django_admin_log VALUES(799,'816','CRZO',3,'',8,1,'2018-07-03 09:12:08.372289');
INSERT INTO django_admin_log VALUES(800,'815','FANG',3,'',8,1,'2018-07-03 09:12:08.373781');
INSERT INTO django_admin_log VALUES(801,'814','INCY',3,'',8,1,'2018-07-03 09:12:08.375730');
INSERT INTO django_admin_log VALUES(802,'813','BHI',3,'',8,1,'2018-07-03 09:12:08.377759');
INSERT INTO django_admin_log VALUES(803,'812','CLR',3,'',8,1,'2018-07-03 09:12:08.379494');
INSERT INTO django_admin_log VALUES(804,'811','CNX',3,'',8,1,'2018-07-03 09:12:08.381264');
INSERT INTO django_admin_log VALUES(805,'810','DOC',3,'',8,1,'2018-07-03 09:12:08.383100');
INSERT INTO django_admin_log VALUES(806,'809','ALNY',3,'',8,1,'2018-07-03 09:12:08.384949');
INSERT INTO django_admin_log VALUES(807,'808','MPLX',3,'',8,1,'2018-07-03 09:12:08.386772');
INSERT INTO django_admin_log VALUES(808,'807','ANAC',3,'',8,1,'2018-07-03 09:12:08.389009');
INSERT INTO django_admin_log VALUES(809,'806','TSLA',3,'',8,1,'2018-07-03 09:12:08.390858');
INSERT INTO django_admin_log VALUES(810,'805','HDP',3,'',8,1,'2018-07-03 09:12:08.392448');
INSERT INTO django_admin_log VALUES(811,'804','HALO',3,'',8,1,'2018-07-03 09:12:08.393807');
INSERT INTO django_admin_log VALUES(812,'803','PTEN',3,'',8,1,'2018-07-03 09:12:08.395243');
INSERT INTO django_admin_log VALUES(813,'802','SCTY',3,'',8,1,'2018-07-03 09:12:08.397189');
INSERT INTO django_admin_log VALUES(814,'801','NVDA',3,'',8,1,'2018-07-03 09:12:08.399057');
INSERT INTO django_admin_log VALUES(815,'800','SRPT',3,'',8,1,'2018-07-03 09:12:08.401008');
INSERT INTO django_admin_log VALUES(816,'799','LNG',3,'',8,1,'2018-07-03 09:12:08.402424');
INSERT INTO django_admin_log VALUES(817,'798','GRUB',3,'',8,1,'2018-07-03 09:12:08.403818');
INSERT INTO django_admin_log VALUES(818,'797','ACAD',3,'',8,1,'2018-07-03 09:12:08.405076');
INSERT INTO django_admin_log VALUES(819,'796','W',3,'',8,1,'2018-07-03 09:12:08.406474');
INSERT INTO django_admin_log VALUES(820,'795','CMC',3,'',8,1,'2018-07-03 09:12:08.407823');
INSERT INTO django_admin_log VALUES(821,'794','MTDR',3,'',8,1,'2018-07-03 09:12:08.409383');
INSERT INTO django_admin_log VALUES(822,'793','REG',3,'',8,1,'2018-07-03 09:12:08.410719');
INSERT INTO django_admin_log VALUES(823,'792','SGMO',3,'',8,1,'2018-07-03 09:12:08.412477');
INSERT INTO django_admin_log VALUES(824,'791','PTXP',3,'',8,1,'2018-07-03 09:12:08.413813');
INSERT INTO django_admin_log VALUES(825,'790','AM',3,'',8,1,'2018-07-03 09:12:08.415118');
INSERT INTO django_admin_log VALUES(826,'789','EQT',3,'',8,1,'2018-07-03 09:12:08.416574');
INSERT INTO django_admin_log VALUES(827,'788','FOLD',3,'',8,1,'2018-07-03 09:12:08.417874');
INSERT INTO django_admin_log VALUES(828,'787','LRCX',3,'',8,1,'2018-07-03 09:12:08.419284');
INSERT INTO django_admin_log VALUES(829,'786','CORT',3,'',8,1,'2018-07-03 09:12:08.420678');
INSERT INTO django_admin_log VALUES(830,'785','FMC',3,'',8,1,'2018-07-03 09:12:08.421827');
INSERT INTO django_admin_log VALUES(831,'784','RICE',3,'',8,1,'2018-07-03 09:12:08.423152');
INSERT INTO django_admin_log VALUES(832,'783','WYNN',3,'',8,1,'2018-07-03 09:12:08.424424');
INSERT INTO django_admin_log VALUES(833,'782','WPX',3,'',8,1,'2018-07-03 09:12:08.425699');
INSERT INTO django_admin_log VALUES(834,'781','TTD',3,'',8,1,'2018-07-03 09:12:08.427113');
INSERT INTO django_admin_log VALUES(835,'780','NTNX',3,'',8,1,'2018-07-03 09:12:08.429137');
INSERT INTO django_admin_log VALUES(836,'779','FB',3,'',8,1,'2018-07-03 09:12:08.430750');
INSERT INTO django_admin_log VALUES(837,'778','SLCA',3,'',8,1,'2018-07-03 09:12:08.432373');
INSERT INTO django_admin_log VALUES(838,'777','PDCE',3,'',8,1,'2018-07-03 09:12:08.434307');
INSERT INTO django_admin_log VALUES(839,'776','EGN',3,'',8,1,'2018-07-03 09:12:08.435898');
INSERT INTO django_admin_log VALUES(840,'775','WLTW',3,'',8,1,'2018-07-03 09:12:08.437269');
INSERT INTO django_admin_log VALUES(841,'774','O',3,'',8,1,'2018-07-03 09:12:08.438556');
INSERT INTO django_admin_log VALUES(842,'773','TAP',3,'',8,1,'2018-07-03 09:12:08.439874');
INSERT INTO django_admin_log VALUES(843,'772','PSTG',3,'',8,1,'2018-07-03 09:12:08.441927');
INSERT INTO django_admin_log VALUES(844,'771','ZLTQ',3,'',8,1,'2018-07-03 09:12:08.443437');
INSERT INTO django_admin_log VALUES(845,'770','SHW',3,'',8,1,'2018-07-03 09:12:08.444687');
INSERT INTO django_admin_log VALUES(846,'769','SPLK',3,'',8,1,'2018-07-03 09:12:08.446496');
INSERT INTO django_admin_log VALUES(847,'768','RSPP',3,'',8,1,'2018-07-03 09:12:08.448483');
INSERT INTO django_admin_log VALUES(848,'767','EXAS',3,'',8,1,'2018-07-03 09:12:08.450171');
INSERT INTO django_admin_log VALUES(849,'766','EOG',3,'',8,1,'2018-07-03 09:12:08.451959');
INSERT INTO django_admin_log VALUES(850,'765','APC',3,'',8,1,'2018-07-03 09:12:08.453541');
INSERT INTO django_admin_log VALUES(851,'764','LNKD',3,'',8,1,'2018-07-03 09:12:08.455469');
INSERT INTO django_admin_log VALUES(852,'763','JUNO',3,'',8,1,'2018-07-03 09:12:08.457142');
INSERT INTO django_admin_log VALUES(853,'762','TROX',3,'',8,1,'2018-07-03 09:12:08.459214');
INSERT INTO django_admin_log VALUES(854,'761','NFLX',3,'',8,1,'2018-07-03 09:12:08.460940');
INSERT INTO django_admin_log VALUES(855,'760','BCEI',3,'',8,1,'2018-07-03 09:12:08.463122');
INSERT INTO django_admin_log VALUES(856,'759','TSRO',3,'',8,1,'2018-07-03 09:12:08.464982');
INSERT INTO django_admin_log VALUES(857,'758','PXD',3,'',8,1,'2018-07-03 09:12:08.466490');
INSERT INTO django_admin_log VALUES(858,'757','SBRA',3,'',8,1,'2018-07-03 09:12:08.467760');
INSERT INTO django_admin_log VALUES(859,'756','NRZ',3,'',8,1,'2018-07-03 09:12:08.469729');
INSERT INTO django_admin_log VALUES(860,'755','TMST',3,'',8,1,'2018-07-03 09:12:08.471454');
INSERT INTO django_admin_log VALUES(861,'754','KIM',3,'',8,1,'2018-07-03 09:12:08.473154');
INSERT INTO django_admin_log VALUES(862,'753','HFC',3,'',8,1,'2018-07-03 09:12:08.474946');
INSERT INTO django_admin_log VALUES(863,'3','52weekhighs',1,'[{"added": {}}]',7,1,'2018-07-04 07:15:30.640875');
INSERT INTO django_admin_log VALUES(864,'1','52 week highs',2,'[{"changed": {"fields": ["factor"]}}]',9,1,'2018-07-04 23:32:50.174951');
INSERT INTO django_admin_log VALUES(865,'3','52weekhighs',2,'[{"changed": {"fields": ["function"]}}]',7,1,'2018-07-05 01:35:27.671012');
INSERT INTO django_admin_log VALUES(866,'4','52wklows',1,'[{"added": {}}]',7,1,'2018-07-05 01:35:49.555629');
INSERT INTO django_admin_log VALUES(867,'3','52 week lows',1,'[{"added": {}}]',9,1,'2018-07-05 01:36:29.134246');
INSERT INTO django_admin_log VALUES(868,'1140','ZEAL',3,'',8,1,'2018-07-05 01:49:49.608023');
INSERT INTO django_admin_log VALUES(869,'1139','TROV',3,'',8,1,'2018-07-05 01:49:49.615750');
INSERT INTO django_admin_log VALUES(870,'1138','TMCXW',3,'',8,1,'2018-07-05 01:49:49.617957');
INSERT INTO django_admin_log VALUES(871,'1137','RGSE',3,'',8,1,'2018-07-05 01:49:49.620137');
INSERT INTO django_admin_log VALUES(872,'1136','PRPO',3,'',8,1,'2018-07-05 01:49:49.622286');
INSERT INTO django_admin_log VALUES(873,'1135','PXLW',3,'',8,1,'2018-07-05 01:49:49.624056');
INSERT INTO django_admin_log VALUES(874,'1134','OSS',3,'',8,1,'2018-07-05 01:49:49.626123');
INSERT INTO django_admin_log VALUES(875,'1133','OHRP',3,'',8,1,'2018-07-05 01:49:49.628337');
INSERT INTO django_admin_log VALUES(876,'1132','NEOS',3,'',8,1,'2018-07-05 01:49:49.630154');
INSERT INTO django_admin_log VALUES(877,'1131','MNDO',3,'',8,1,'2018-07-05 01:49:49.632321');
INSERT INTO django_admin_log VALUES(878,'1130','MDXG',3,'',8,1,'2018-07-05 01:49:49.634030');
INSERT INTO django_admin_log VALUES(879,'1129','MRIN',3,'',8,1,'2018-07-05 01:49:49.636078');
INSERT INTO django_admin_log VALUES(880,'1128','LWAY',3,'',8,1,'2018-07-05 01:49:49.638361');
INSERT INTO django_admin_log VALUES(881,'1127','LMFA',3,'',8,1,'2018-07-05 01:49:49.640348');
INSERT INTO django_admin_log VALUES(882,'1126','JRSH',3,'',8,1,'2018-07-05 01:49:49.642204');
INSERT INTO django_admin_log VALUES(883,'1125','NVIV',3,'',8,1,'2018-07-05 01:49:49.643887');
INSERT INTO django_admin_log VALUES(884,'1124','ICAD',3,'',8,1,'2018-07-05 01:49:49.645920');
INSERT INTO django_admin_log VALUES(885,'1123','HBP',3,'',8,1,'2018-07-05 01:49:49.647771');
INSERT INTO django_admin_log VALUES(886,'1122','HQCL',3,'',8,1,'2018-07-05 01:49:49.649998');
INSERT INTO django_admin_log VALUES(887,'1121','GPIC',3,'',8,1,'2018-07-05 01:49:49.651856');
INSERT INTO django_admin_log VALUES(888,'1120','CARZ',3,'',8,1,'2018-07-05 01:49:49.653496');
INSERT INTO django_admin_log VALUES(889,'1119','FPA',3,'',8,1,'2018-07-05 01:49:49.654968');
INSERT INTO django_admin_log VALUES(890,'1118','GSM',3,'',8,1,'2018-07-05 01:49:49.656883');
INSERT INTO django_admin_log VALUES(891,'1117','ERYP',3,'',8,1,'2018-07-05 01:49:49.658652');
INSERT INTO django_admin_log VALUES(892,'1116','ECOR',3,'',8,1,'2018-07-05 01:49:49.660500');
INSERT INTO django_admin_log VALUES(893,'1115','EGLT',3,'',8,1,'2018-07-05 01:49:49.662445');
INSERT INTO django_admin_log VALUES(894,'1114','LYL',3,'',8,1,'2018-07-05 01:49:49.664451');
INSERT INTO django_admin_log VALUES(895,'1113','DWCH',3,'',8,1,'2018-07-05 01:49:49.666247');
INSERT INTO django_admin_log VALUES(896,'1112','CRIS',3,'',8,1,'2018-07-05 01:49:49.668473');
INSERT INTO django_admin_log VALUES(897,'1111','GLDI',3,'',8,1,'2018-07-05 01:49:49.670424');
INSERT INTO django_admin_log VALUES(898,'1110','CSSEP',3,'',8,1,'2018-07-05 01:49:49.672087');
INSERT INTO django_admin_log VALUES(899,'1109','CETXW',3,'',8,1,'2018-07-05 01:49:49.673751');
INSERT INTO django_admin_log VALUES(900,'1108','CLRB',3,'',8,1,'2018-07-05 01:49:49.675677');
INSERT INTO django_admin_log VALUES(901,'1107','PMTS',3,'',8,1,'2018-07-05 01:49:49.677728');
INSERT INTO django_admin_log VALUES(902,'1106','CHFS',3,'',8,1,'2018-07-05 01:49:49.679594');
INSERT INTO django_admin_log VALUES(903,'1105','BSQR',3,'',8,1,'2018-07-05 01:49:49.681589');
INSERT INTO django_admin_log VALUES(904,'1104','BBOX',3,'',8,1,'2018-07-05 01:49:49.683685');
INSERT INTO django_admin_log VALUES(905,'1103','BCOM',3,'',8,1,'2018-07-05 01:49:49.686127');
INSERT INTO django_admin_log VALUES(906,'1102','AUTL',3,'',8,1,'2018-07-05 01:49:49.687885');
INSERT INTO django_admin_log VALUES(907,'1101','ASYS',3,'',8,1,'2018-07-05 01:49:49.690047');
INSERT INTO django_admin_log VALUES(908,'1100','AAL',3,'',8,1,'2018-07-05 01:49:49.692126');
INSERT INTO django_admin_log VALUES(909,'1099','AMDA',3,'',8,1,'2018-07-05 01:49:49.693806');
INSERT INTO django_admin_log VALUES(910,'1098','ALT',3,'',8,1,'2018-07-05 01:49:49.695580');
INSERT INTO django_admin_log VALUES(911,'1097','ACST',3,'',8,1,'2018-07-05 01:49:49.697510');
INSERT INTO django_admin_log VALUES(912,'1096','EHI',3,'',8,1,'2018-07-05 01:49:49.699322');
INSERT INTO django_admin_log VALUES(913,'1095','IID',3,'',8,1,'2018-07-05 01:49:49.701405');
INSERT INTO django_admin_log VALUES(914,'1094','IHD',3,'',8,1,'2018-07-05 01:49:49.703496');
INSERT INTO django_admin_log VALUES(915,'1093','IAE',3,'',8,1,'2018-07-05 01:49:49.705422');
INSERT INTO django_admin_log VALUES(916,'1092','VEDL',3,'',8,1,'2018-07-05 01:49:49.707214');
INSERT INTO django_admin_log VALUES(917,'1091','TPC',3,'',8,1,'2018-07-05 01:49:49.708830');
INSERT INTO django_admin_log VALUES(918,'1090','PPDF',3,'',8,1,'2018-07-05 01:49:49.710320');
INSERT INTO django_admin_log VALUES(919,'1089','GHY',3,'',8,1,'2018-07-05 01:49:49.712247');
INSERT INTO django_admin_log VALUES(920,'1088','NNA',3,'',8,1,'2018-07-05 01:49:49.714138');
INSERT INTO django_admin_log VALUES(921,'1087','MGM',3,'',8,1,'2018-07-05 01:49:49.716168');
INSERT INTO django_admin_log VALUES(922,'1086','KF',3,'',8,1,'2018-07-05 01:49:49.718070');
INSERT INTO django_admin_log VALUES(923,'1085','VLT',3,'',8,1,'2018-07-05 01:49:49.719721');
INSERT INTO django_admin_log VALUES(924,'1084','FSD',3,'',8,1,'2018-07-05 01:49:49.721895');
INSERT INTO django_admin_log VALUES(925,'1083','EOCC',3,'',8,1,'2018-07-05 01:49:49.723329');
INSERT INTO django_admin_log VALUES(926,'1082','ENIC',3,'',8,1,'2018-07-05 01:49:49.725534');
INSERT INTO django_admin_log VALUES(927,'1081','CYH',3,'',8,1,'2018-07-05 01:49:49.727279');
INSERT INTO django_admin_log VALUES(928,'1080','CCL',3,'',8,1,'2018-07-05 01:49:49.729230');
INSERT INTO django_admin_log VALUES(929,'1079','CAJ',3,'',8,1,'2018-07-05 01:49:49.731179');
INSERT INTO django_admin_log VALUES(930,'1078','MFT',3,'',8,1,'2018-07-05 01:49:49.733563');
INSERT INTO django_admin_log VALUES(931,'1077','MUS',3,'',8,1,'2018-07-05 01:49:49.735336');
INSERT INTO django_admin_log VALUES(932,'1076','MUJ',3,'',8,1,'2018-07-05 01:49:49.737463');
INSERT INTO django_admin_log VALUES(933,'1075','BAF',3,'',8,1,'2018-07-05 01:49:49.739849');
INSERT INTO django_admin_log VALUES(934,'1074','DSU',3,'',8,1,'2018-07-05 01:49:49.742157');
INSERT INTO django_admin_log VALUES(935,'1073','AZUL',3,'',8,1,'2018-07-05 01:49:49.744523');
INSERT INTO django_admin_log VALUES(936,'1072','AFT',3,'',8,1,'2018-07-05 01:49:49.746289');
INSERT INTO django_admin_log VALUES(937,'1071','ZFGN',3,'',8,1,'2018-07-05 01:49:49.748387');
INSERT INTO django_admin_log VALUES(938,'1070','VCYT',3,'',8,1,'2018-07-05 01:49:49.750834');
INSERT INTO django_admin_log VALUES(939,'1069','ECOL',3,'',8,1,'2018-07-05 01:49:49.752804');
INSERT INTO django_admin_log VALUES(940,'1068','TCDA',3,'',8,1,'2018-07-05 01:49:49.755081');
INSERT INTO django_admin_log VALUES(941,'1067','TBIO',3,'',8,1,'2018-07-05 01:49:49.757359');
INSERT INTO django_admin_log VALUES(942,'1066','TGA',3,'',8,1,'2018-07-05 01:49:49.759748');
INSERT INTO django_admin_log VALUES(943,'1065','TSBK',3,'',8,1,'2018-07-05 01:49:49.762249');
INSERT INTO django_admin_log VALUES(944,'1064','TTEK',3,'',8,1,'2018-07-05 01:49:49.764637');
INSERT INTO django_admin_log VALUES(945,'1063','TRHC',3,'',8,1,'2018-07-05 01:49:49.766912');
INSERT INTO django_admin_log VALUES(946,'1062','SYNT',3,'',8,1,'2018-07-05 01:49:49.769198');
INSERT INTO django_admin_log VALUES(947,'1061','SRDX',3,'',8,1,'2018-07-05 01:49:49.771533');
INSERT INTO django_admin_log VALUES(948,'1060','STRA',3,'',8,1,'2018-07-05 01:49:49.773998');
INSERT INTO django_admin_log VALUES(949,'1059','SOHO',3,'',8,1,'2018-07-05 01:49:49.776308');
INSERT INTO django_admin_log VALUES(950,'1058','SHLM',3,'',8,1,'2018-07-05 01:49:49.778499');
INSERT INTO django_admin_log VALUES(951,'1057','SAEX',3,'',8,1,'2018-07-05 01:49:49.780635');
INSERT INTO django_admin_log VALUES(952,'1056','RGLD',3,'',8,1,'2018-07-05 01:49:49.783019');
INSERT INTO django_admin_log VALUES(953,'1055','RGEN',3,'',8,1,'2018-07-05 01:49:49.785144');
INSERT INTO django_admin_log VALUES(954,'1054','RGNX',3,'',8,1,'2018-07-05 01:49:49.787162');
INSERT INTO django_admin_log VALUES(955,'1053','PRSC',3,'',8,1,'2018-07-05 01:49:49.789184');
INSERT INTO django_admin_log VALUES(956,'1052','PINC',3,'',8,1,'2018-07-05 01:49:49.791626');
INSERT INTO django_admin_log VALUES(957,'1051','PFBC',3,'',8,1,'2018-07-05 01:49:49.794387');
INSERT INTO django_admin_log VALUES(958,'1050','PCOM',3,'',8,1,'2018-07-05 01:49:49.796146');
INSERT INTO django_admin_log VALUES(959,'1049','PERY',3,'',8,1,'2018-07-05 01:49:49.798223');
INSERT INTO django_admin_log VALUES(960,'1048','PRCP',3,'',8,1,'2018-07-05 01:49:49.800384');
INSERT INTO django_admin_log VALUES(961,'1047','PVAC',3,'',8,1,'2018-07-05 01:49:49.802366');
INSERT INTO django_admin_log VALUES(962,'1046','PTSI',3,'',8,1,'2018-07-05 01:49:49.804390');
INSERT INTO django_admin_log VALUES(963,'1045','OFLX',3,'',8,1,'2018-07-05 01:49:49.807016');
INSERT INTO django_admin_log VALUES(964,'1044','OLBK',3,'',8,1,'2018-07-05 01:49:49.809067');
INSERT INTO django_admin_log VALUES(965,'1043','OPBK',3,'',8,1,'2018-07-05 01:49:49.811095');
INSERT INTO django_admin_log VALUES(966,'1042','NVCR',3,'',8,1,'2018-07-05 01:49:49.813330');
INSERT INTO django_admin_log VALUES(967,'1041','NICK',3,'',8,1,'2018-07-05 01:49:49.815787');
INSERT INTO django_admin_log VALUES(968,'1040','NTAP',3,'',8,1,'2018-07-05 01:49:49.817876');
INSERT INTO django_admin_log VALUES(969,'1039','NSSC',3,'',8,1,'2018-07-05 01:49:49.819642');
INSERT INTO django_admin_log VALUES(970,'1038','MTEC',3,'',8,1,'2018-07-05 01:49:49.821513');
INSERT INTO django_admin_log VALUES(971,'1037','MOTS',3,'',8,1,'2018-07-05 01:49:49.823340');
INSERT INTO django_admin_log VALUES(972,'1036','MOR',3,'',8,1,'2018-07-05 01:49:49.825325');
INSERT INTO django_admin_log VALUES(973,'1035','MSON',3,'',8,1,'2018-07-05 01:49:49.827033');
INSERT INTO django_admin_log VALUES(974,'1034','MICT',3,'',8,1,'2018-07-05 01:49:49.828710');
INSERT INTO django_admin_log VALUES(975,'1033','MLAB',3,'',8,1,'2018-07-05 01:49:49.830645');
INSERT INTO django_admin_log VALUES(976,'1032','MRUS',3,'',8,1,'2018-07-05 01:49:49.832410');
INSERT INTO django_admin_log VALUES(977,'1031','MNTX',3,'',8,1,'2018-07-05 01:49:49.834320');
INSERT INTO django_admin_log VALUES(978,'1030','MFNC',3,'',8,1,'2018-07-05 01:49:49.836071');
INSERT INTO django_admin_log VALUES(979,'1029','LINDW',3,'',8,1,'2018-07-05 01:49:49.837693');
INSERT INTO django_admin_log VALUES(980,'1028','LIND',3,'',8,1,'2018-07-05 01:49:49.839460');
INSERT INTO django_admin_log VALUES(981,'1027','LMST',3,'',8,1,'2018-07-05 01:49:49.841333');
INSERT INTO django_admin_log VALUES(982,'1026','LGND',3,'',8,1,'2018-07-05 01:49:49.843006');
INSERT INTO django_admin_log VALUES(983,'1025','LFVN',3,'',8,1,'2018-07-05 01:49:49.844490');
INSERT INTO django_admin_log VALUES(984,'1024','LHCG',3,'',8,1,'2018-07-05 01:49:49.846347');
INSERT INTO django_admin_log VALUES(985,'1023','LFACU',3,'',8,1,'2018-07-05 01:49:49.848924');
INSERT INTO django_admin_log VALUES(986,'1022','KVHI',3,'',8,1,'2018-07-05 01:49:49.850863');
INSERT INTO django_admin_log VALUES(987,'1021','IRWD',3,'',8,1,'2018-07-05 01:49:49.852995');
INSERT INTO django_admin_log VALUES(988,'1020','IRTC',3,'',8,1,'2018-07-05 01:49:49.855286');
INSERT INTO django_admin_log VALUES(989,'1019','IRMD',3,'',8,1,'2018-07-05 01:49:49.857263');
INSERT INTO django_admin_log VALUES(990,'1018','IEAWW',3,'',8,1,'2018-07-05 01:49:49.859369');
INSERT INTO django_admin_log VALUES(991,'1017','LOPE',3,'',8,1,'2018-07-05 01:49:49.861812');
INSERT INTO django_admin_log VALUES(992,'1016','FRPT',3,'',8,1,'2018-07-05 01:49:49.864212');
INSERT INTO django_admin_log VALUES(993,'1015','FOXF',3,'',8,1,'2018-07-05 01:49:49.866881');
INSERT INTO django_admin_log VALUES(994,'1014','FDEF',3,'',8,1,'2018-07-05 01:49:49.868840');
INSERT INTO django_admin_log VALUES(995,'1013','FGEN',3,'',8,1,'2018-07-05 01:49:49.871121');
INSERT INTO django_admin_log VALUES(996,'1012','EIGI',3,'',8,1,'2018-07-05 01:49:49.872946');
INSERT INTO django_admin_log VALUES(997,'1011','ENTA',3,'',8,1,'2018-07-05 01:49:49.874869');
INSERT INTO django_admin_log VALUES(998,'1010','EGAN',3,'',8,1,'2018-07-05 01:49:49.877281');
INSERT INTO django_admin_log VALUES(999,'1009','DSGX',3,'',8,1,'2018-07-05 01:49:49.879540');
INSERT INTO django_admin_log VALUES(1000,'1008','DFBHW',3,'',8,1,'2018-07-05 01:49:49.881415');
INSERT INTO django_admin_log VALUES(1001,'1007','CNACW',3,'',8,1,'2018-07-05 01:49:49.883391');
INSERT INTO django_admin_log VALUES(1002,'1006','CCOI',3,'',8,1,'2018-07-05 01:49:49.885377');
INSERT INTO django_admin_log VALUES(1003,'1005','CENTA',3,'',8,1,'2018-07-05 01:49:49.887134');
INSERT INTO django_admin_log VALUES(1004,'1004','CENT',3,'',8,1,'2018-07-05 01:49:49.888853');
INSERT INTO django_admin_log VALUES(1005,'1003','CPLA',3,'',8,1,'2018-07-05 01:49:49.890664');
INSERT INTO django_admin_log VALUES(1006,'1002','EPAY',3,'',8,1,'2018-07-05 01:49:49.892050');
INSERT INTO django_admin_log VALUES(1007,'1001','BLFS',3,'',8,1,'2018-07-05 01:49:49.893683');
INSERT INTO django_admin_log VALUES(1008,'1000','ARWR',3,'',8,1,'2018-07-05 01:49:49.895617');
INSERT INTO django_admin_log VALUES(1009,'999','ABUS',3,'',8,1,'2018-07-05 01:49:49.897419');
INSERT INTO django_admin_log VALUES(1010,'998','ASRVP',3,'',8,1,'2018-07-05 01:49:49.899479');
INSERT INTO django_admin_log VALUES(1011,'997','AMED',3,'',8,1,'2018-07-05 01:49:49.901137');
INSERT INTO django_admin_log VALUES(1012,'996','AGYS',3,'',8,1,'2018-07-05 01:49:49.902905');
INSERT INTO django_admin_log VALUES(1013,'995','ACXM',3,'',8,1,'2018-07-05 01:49:49.904723');
INSERT INTO django_admin_log VALUES(1014,'994','ACER',3,'',8,1,'2018-07-05 01:49:49.906335');
INSERT INTO django_admin_log VALUES(1015,'993','ZAYO',3,'',8,1,'2018-07-05 01:49:49.907842');
INSERT INTO django_admin_log VALUES(1016,'992','YEXT',3,'',8,1,'2018-07-05 01:49:49.909590');
INSERT INTO django_admin_log VALUES(1017,'991','WCG',3,'',8,1,'2018-07-05 01:49:49.910881');
INSERT INTO django_admin_log VALUES(1018,'990','WGL',3,'',8,1,'2018-07-05 01:49:49.912717');
INSERT INTO django_admin_log VALUES(1019,'989','VG',3,'',8,1,'2018-07-05 01:49:49.914634');
INSERT INTO django_admin_log VALUES(1020,'988','VSH',3,'',8,1,'2018-07-05 01:49:49.916184');
INSERT INTO django_admin_log VALUES(1021,'987','VNE',3,'',8,1,'2018-07-05 01:49:49.917428');
INSERT INTO django_admin_log VALUES(1022,'986','UGI',3,'',8,1,'2018-07-05 01:49:49.918947');
INSERT INTO django_admin_log VALUES(1023,'985','TNET',3,'',8,1,'2018-07-05 01:49:49.920900');
INSERT INTO django_admin_log VALUES(1024,'984','TVPT',3,'',8,1,'2018-07-05 01:49:49.922485');
INSERT INTO django_admin_log VALUES(1025,'983','TRU',3,'',8,1,'2018-07-05 01:49:49.924259');
INSERT INTO django_admin_log VALUES(1026,'982','TPGE',3,'',8,1,'2018-07-05 01:49:49.926481');
INSERT INTO django_admin_log VALUES(1027,'981','SSW',3,'',8,1,'2018-07-05 01:49:49.928644');
INSERT INTO django_admin_log VALUES(1028,'980','STOR',3,'',8,1,'2018-07-05 01:49:49.930589');
INSERT INTO django_admin_log VALUES(1029,'979','RVI',3,'',8,1,'2018-07-05 01:49:49.932674');
INSERT INTO django_admin_log VALUES(1030,'978','PSA',3,'',8,1,'2018-07-05 01:49:49.934900');
INSERT INTO django_admin_log VALUES(1031,'977','AGS',3,'',8,1,'2018-07-05 01:49:49.936766');
INSERT INTO django_admin_log VALUES(1032,'976','PLT',3,'',8,1,'2018-07-05 01:49:49.938531');
INSERT INTO django_admin_log VALUES(1033,'975','PMT',3,'',8,1,'2018-07-05 01:49:49.940705');
INSERT INTO django_admin_log VALUES(1034,'974','PDI',3,'',8,1,'2018-07-05 01:49:49.942419');
INSERT INTO django_admin_log VALUES(1035,'973','OOMA',3,'',8,1,'2018-07-05 01:49:49.944148');
INSERT INTO django_admin_log VALUES(1036,'972','NJR',3,'',8,1,'2018-07-05 01:49:49.945968');
INSERT INTO django_admin_log VALUES(1037,'971','NSA',3,'',8,1,'2018-07-05 01:49:49.947364');
INSERT INTO django_admin_log VALUES(1038,'970','MPW',3,'',8,1,'2018-07-05 01:49:49.949017');
INSERT INTO django_admin_log VALUES(1039,'969','MPX',3,'',8,1,'2018-07-05 01:49:49.950551');
INSERT INTO django_admin_log VALUES(1040,'968','MSA',3,'',8,1,'2018-07-05 01:49:49.952287');
INSERT INTO django_admin_log VALUES(1041,'967','MRC',3,'',8,1,'2018-07-05 01:49:49.954113');
INSERT INTO django_admin_log VALUES(1042,'966','LYV',3,'',8,1,'2018-07-05 01:49:49.955435');
INSERT INTO django_admin_log VALUES(1043,'965','LSI',3,'',8,1,'2018-07-05 01:49:49.956740');
INSERT INTO django_admin_log VALUES(1044,'964','ASG',3,'',8,1,'2018-07-05 01:49:49.958110');
INSERT INTO django_admin_log VALUES(1045,'963','KL',3,'',8,1,'2018-07-05 01:49:49.959608');
INSERT INTO django_admin_log VALUES(1046,'962','KKR',3,'',8,1,'2018-07-05 01:49:49.961118');
INSERT INTO django_admin_log VALUES(1047,'961','INFY',3,'',8,1,'2018-07-05 01:49:49.962870');
INSERT INTO django_admin_log VALUES(1048,'960','ISF',3,'',8,1,'2018-07-05 01:49:49.964465');
INSERT INTO django_admin_log VALUES(1049,'959','GBX',3,'',8,1,'2018-07-05 01:49:49.965760');
INSERT INTO django_admin_log VALUES(1050,'958','FE',3,'',8,1,'2018-07-05 01:49:49.967345');
INSERT INTO django_admin_log VALUES(1051,'957','EXC',3,'',8,1,'2018-07-05 01:49:49.968675');
INSERT INTO django_admin_log VALUES(1052,'956','EVRG',3,'',8,1,'2018-07-05 01:49:49.969930');
INSERT INTO django_admin_log VALUES(1053,'955','ENVA',3,'',8,1,'2018-07-05 01:49:49.971584');
INSERT INTO django_admin_log VALUES(1054,'954','EBF',3,'',8,1,'2018-07-05 01:49:49.972955');
INSERT INTO django_admin_log VALUES(1055,'953','ELVT',3,'',8,1,'2018-07-05 01:49:49.974350');
INSERT INTO django_admin_log VALUES(1056,'952','EGP',3,'',8,1,'2018-07-05 01:49:49.975784');
INSERT INTO django_admin_log VALUES(1057,'951','DVN',3,'',8,1,'2018-07-05 01:49:49.977106');
INSERT INTO django_admin_log VALUES(1058,'950','DVMT',3,'',8,1,'2018-07-05 01:49:49.978664');
INSERT INTO django_admin_log VALUES(1059,'949','DDF',3,'',8,1,'2018-07-05 01:49:49.980339');
INSERT INTO django_admin_log VALUES(1060,'948','DRI',3,'',8,1,'2018-07-05 01:49:49.981872');
INSERT INTO django_admin_log VALUES(1061,'947','DSW',3,'',8,1,'2018-07-05 01:49:49.983428');
INSERT INTO django_admin_log VALUES(1062,'946','CMRE',3,'',8,1,'2018-07-05 01:49:49.985034');
INSERT INTO django_admin_log VALUES(1063,'945','GIB',3,'',8,1,'2018-07-05 01:49:49.986476');
INSERT INTO django_admin_log VALUES(1064,'944','',3,'',8,1,'2018-07-05 01:49:49.988176');
INSERT INTO django_admin_log VALUES(1065,'943','BV',3,'',8,1,'2018-07-05 01:49:49.989668');
INSERT INTO django_admin_log VALUES(1066,'942','BJ',3,'',8,1,'2018-07-05 01:49:49.991078');
INSERT INTO django_admin_log VALUES(1067,'941','AIZP',3,'',8,1,'2018-07-05 01:49:49.992352');
INSERT INTO django_admin_log VALUES(1068,'940','AHT',3,'',8,1,'2018-07-05 01:49:49.993620');
INSERT INTO django_admin_log VALUES(1069,'939','ACCO',3,'',8,1,'2018-07-05 01:49:49.994936');
INSERT INTO django_admin_log VALUES(1070,'938','XEC',3,'',8,1,'2018-07-05 01:49:49.996299');
INSERT INTO django_admin_log VALUES(1071,'937','RSPP',3,'',8,1,'2018-07-05 01:49:49.997694');
INSERT INTO django_admin_log VALUES(1072,'936','CXO',3,'',8,1,'2018-07-05 01:49:49.999061');
INSERT INTO django_admin_log VALUES(1073,'935','HP',3,'',8,1,'2018-07-05 01:49:50.000326');
INSERT INTO django_admin_log VALUES(1074,'934','PYPL',3,'',8,1,'2018-07-05 01:49:50.001645');
INSERT INTO django_admin_log VALUES(1075,'933','RRC',3,'',8,1,'2018-07-05 01:49:50.003105');
INSERT INTO django_admin_log VALUES(1076,'932','CNL',3,'',8,1,'2018-07-05 01:49:50.004397');
INSERT INTO django_admin_log VALUES(1077,'931','AMTD',3,'',8,1,'2018-07-05 01:49:50.005666');
INSERT INTO django_admin_log VALUES(1078,'930','AON',3,'',8,1,'2018-07-05 01:49:50.006962');
INSERT INTO django_admin_log VALUES(1079,'929','ZLTQ',3,'',8,1,'2018-07-05 01:49:50.008145');
INSERT INTO django_admin_log VALUES(1080,'928','FOLD',3,'',8,1,'2018-07-05 01:49:50.009450');
INSERT INTO django_admin_log VALUES(1081,'927','WDAY',3,'',8,1,'2018-07-05 01:49:50.010685');
INSERT INTO django_admin_log VALUES(1082,'926','CBOE',3,'',8,1,'2018-07-05 01:49:50.011959');
INSERT INTO django_admin_log VALUES(1083,'925','NXST',3,'',8,1,'2018-07-05 01:49:50.013102');
INSERT INTO django_admin_log VALUES(1084,'924','DYAX',3,'',8,1,'2018-07-05 01:49:50.014334');
INSERT INTO django_admin_log VALUES(1085,'923','SPLK',3,'',8,1,'2018-07-05 01:49:50.015617');
INSERT INTO django_admin_log VALUES(1086,'922','AIV',3,'',8,1,'2018-07-05 01:49:50.016879');
INSERT INTO django_admin_log VALUES(1087,'921','SBRA',3,'',8,1,'2018-07-05 01:49:50.018033');
INSERT INTO django_admin_log VALUES(1088,'920','LNKD',3,'',8,1,'2018-07-05 01:49:50.019323');
INSERT INTO django_admin_log VALUES(1089,'919','DRE',3,'',8,1,'2018-07-05 01:49:50.020566');
INSERT INTO django_admin_log VALUES(1090,'918','EXEL',3,'',8,1,'2018-07-05 01:49:50.022136');
INSERT INTO django_admin_log VALUES(1091,'917','EQT',3,'',8,1,'2018-07-05 01:49:50.023638');
INSERT INTO django_admin_log VALUES(1092,'916','ADI',3,'',8,1,'2018-07-05 01:49:50.025065');
INSERT INTO django_admin_log VALUES(1093,'915','AMZN',3,'',8,1,'2018-07-05 01:49:50.026340');
INSERT INTO django_admin_log VALUES(1094,'914','UCTT',3,'',8,1,'2018-07-05 01:49:50.027597');
INSERT INTO django_admin_log VALUES(1095,'913','PSTG',3,'',8,1,'2018-07-05 01:49:50.028779');
INSERT INTO django_admin_log VALUES(1096,'912','PE',3,'',8,1,'2018-07-05 01:49:50.030178');
INSERT INTO django_admin_log VALUES(1097,'911','EGN',3,'',8,1,'2018-07-05 01:49:50.031709');
INSERT INTO django_admin_log VALUES(1098,'910','TXT',3,'',8,1,'2018-07-05 01:49:50.033022');
INSERT INTO django_admin_log VALUES(1099,'909','SQ',3,'',8,1,'2018-07-05 01:49:50.034258');
INSERT INTO django_admin_log VALUES(1100,'908','HTS',3,'',8,1,'2018-07-05 01:49:50.035559');
INSERT INTO django_admin_log VALUES(1101,'907','NKTR',3,'',8,1,'2018-07-05 01:49:50.036708');
INSERT INTO django_admin_log VALUES(1102,'906','KIM',3,'',8,1,'2018-07-05 01:49:50.037947');
INSERT INTO django_admin_log VALUES(1103,'905','WLTW',3,'',8,1,'2018-07-05 01:49:50.039374');
INSERT INTO django_admin_log VALUES(1104,'904','NFLX',3,'',8,1,'2018-07-05 01:49:50.040613');
INSERT INTO django_admin_log VALUES(1105,'903','NOW',3,'',8,1,'2018-07-05 01:49:50.041799');
INSERT INTO django_admin_log VALUES(1106,'902','EOG',3,'',8,1,'2018-07-05 01:49:50.043333');
INSERT INTO django_admin_log VALUES(1107,'901','MDVN',3,'',8,1,'2018-07-05 01:49:50.044527');
INSERT INTO django_admin_log VALUES(1108,'900','SHW',3,'',8,1,'2018-07-05 01:49:50.046157');
INSERT INTO django_admin_log VALUES(1109,'899','HAL',3,'',8,1,'2018-07-05 01:49:50.047773');
INSERT INTO django_admin_log VALUES(1110,'898','MU',3,'',8,1,'2018-07-05 01:49:50.049201');
INSERT INTO django_admin_log VALUES(1111,'897','HFC',3,'',8,1,'2018-07-05 01:49:50.050393');
INSERT INTO django_admin_log VALUES(1112,'896','EXPD',3,'',8,1,'2018-07-05 01:49:50.051681');
INSERT INTO django_admin_log VALUES(1113,'895','NTNX',3,'',8,1,'2018-07-05 01:49:50.053129');
INSERT INTO django_admin_log VALUES(1114,'894','CLVS',3,'',8,1,'2018-07-05 01:49:50.055171');
INSERT INTO django_admin_log VALUES(1115,'893','CRZO',3,'',8,1,'2018-07-05 01:49:50.056950');
INSERT INTO django_admin_log VALUES(1116,'892','FANG',3,'',8,1,'2018-07-05 01:49:50.058678');
INSERT INTO django_admin_log VALUES(1117,'891','APC',3,'',8,1,'2018-07-05 01:49:50.060727');
INSERT INTO django_admin_log VALUES(1118,'890','TSRO',3,'',8,1,'2018-07-05 01:49:50.062624');
INSERT INTO django_admin_log VALUES(1119,'889','INCY',3,'',8,1,'2018-07-05 01:49:50.064661');
INSERT INTO django_admin_log VALUES(1120,'888','BHI',3,'',8,1,'2018-07-05 01:49:50.066229');
INSERT INTO django_admin_log VALUES(1121,'887','JUNO',3,'',8,1,'2018-07-05 01:49:50.068162');
INSERT INTO django_admin_log VALUES(1122,'886','CLR',3,'',8,1,'2018-07-05 01:49:50.070105');
INSERT INTO django_admin_log VALUES(1123,'885','CNX',3,'',8,1,'2018-07-05 01:49:50.071568');
INSERT INTO django_admin_log VALUES(1124,'884','NRZ',3,'',8,1,'2018-07-05 01:49:50.073671');
INSERT INTO django_admin_log VALUES(1125,'883','WPX',3,'',8,1,'2018-07-05 01:49:50.075820');
INSERT INTO django_admin_log VALUES(1126,'882','TROX',3,'',8,1,'2018-07-05 01:49:50.077984');
INSERT INTO django_admin_log VALUES(1127,'881','DOC',3,'',8,1,'2018-07-05 01:49:50.079895');
INSERT INTO django_admin_log VALUES(1128,'880','RICE',3,'',8,1,'2018-07-05 01:49:50.082170');
INSERT INTO django_admin_log VALUES(1129,'879','ALNY',3,'',8,1,'2018-07-05 01:49:50.084132');
INSERT INTO django_admin_log VALUES(1130,'878','MPLX',3,'',8,1,'2018-07-05 01:49:50.086319');
INSERT INTO django_admin_log VALUES(1131,'877','ANAC',3,'',8,1,'2018-07-05 01:49:50.088746');
INSERT INTO django_admin_log VALUES(1132,'876','CORT',3,'',8,1,'2018-07-05 01:49:50.091008');
INSERT INTO django_admin_log VALUES(1133,'875','PDCE',3,'',8,1,'2018-07-05 01:49:50.092709');
INSERT INTO django_admin_log VALUES(1134,'874','TSLA',3,'',8,1,'2018-07-05 01:49:50.094861');
INSERT INTO django_admin_log VALUES(1135,'873','WYNN',3,'',8,1,'2018-07-05 01:49:50.096685');
INSERT INTO django_admin_log VALUES(1136,'872','PXD',3,'',8,1,'2018-07-05 01:49:50.098401');
INSERT INTO django_admin_log VALUES(1137,'871','HDP',3,'',8,1,'2018-07-05 01:49:50.099992');
INSERT INTO django_admin_log VALUES(1138,'870','TAP',3,'',8,1,'2018-07-05 01:49:50.101804');
INSERT INTO django_admin_log VALUES(1139,'869','O',3,'',8,1,'2018-07-05 01:49:50.103524');
INSERT INTO django_admin_log VALUES(1140,'868','TTD',3,'',8,1,'2018-07-05 01:49:50.105742');
INSERT INTO django_admin_log VALUES(1141,'867','HALO',3,'',8,1,'2018-07-05 01:49:50.107975');
INSERT INTO django_admin_log VALUES(1142,'866','EXAS',3,'',8,1,'2018-07-05 01:49:50.110347');
INSERT INTO django_admin_log VALUES(1143,'865','FMC',3,'',8,1,'2018-07-05 01:49:50.112128');
INSERT INTO django_admin_log VALUES(1144,'864','PTEN',3,'',8,1,'2018-07-05 01:49:50.113927');
INSERT INTO django_admin_log VALUES(1145,'863','SCTY',3,'',8,1,'2018-07-05 01:49:50.116334');
INSERT INTO django_admin_log VALUES(1146,'862','NVDA',3,'',8,1,'2018-07-05 01:49:50.118528');
INSERT INTO django_admin_log VALUES(1147,'861','SRPT',3,'',8,1,'2018-07-05 01:49:50.120667');
INSERT INTO django_admin_log VALUES(1148,'860','LNG',3,'',8,1,'2018-07-05 01:49:50.122744');
INSERT INTO django_admin_log VALUES(1149,'859','GRUB',3,'',8,1,'2018-07-05 01:49:50.124752');
INSERT INTO django_admin_log VALUES(1150,'858','BCEI',3,'',8,1,'2018-07-05 01:49:50.126393');
INSERT INTO django_admin_log VALUES(1151,'857','ACAD',3,'',8,1,'2018-07-05 01:49:50.128379');
INSERT INTO django_admin_log VALUES(1152,'856','W',3,'',8,1,'2018-07-05 01:49:50.130446');
INSERT INTO django_admin_log VALUES(1153,'855','CMC',3,'',8,1,'2018-07-05 01:49:50.132458');
INSERT INTO django_admin_log VALUES(1154,'854','MTDR',3,'',8,1,'2018-07-05 01:49:50.133870');
INSERT INTO django_admin_log VALUES(1155,'853','REG',3,'',8,1,'2018-07-05 01:49:50.135206');
INSERT INTO django_admin_log VALUES(1156,'852','SLCA',3,'',8,1,'2018-07-05 01:49:50.136950');
INSERT INTO django_admin_log VALUES(1157,'851','TMST',3,'',8,1,'2018-07-05 01:49:50.138768');
INSERT INTO django_admin_log VALUES(1158,'850','SGMO',3,'',8,1,'2018-07-05 01:49:50.140355');
INSERT INTO django_admin_log VALUES(1159,'849','LRCX',3,'',8,1,'2018-07-05 01:49:50.142119');
INSERT INTO django_admin_log VALUES(1160,'848','PTXP',3,'',8,1,'2018-07-05 01:49:50.143537');
INSERT INTO django_admin_log VALUES(1161,'847','FB',3,'',8,1,'2018-07-05 01:49:50.144991');
INSERT INTO django_admin_log VALUES(1162,'846','AM',3,'',8,1,'2018-07-05 01:49:50.146598');
INSERT INTO django_admin_log VALUES(1163,'5','Declining revenue',1,'[{"added": {}}]',7,1,'2018-07-11 04:31:31.579441');
INSERT INTO django_admin_log VALUES(1164,'4','Declining revenue',1,'[{"added": {}}]',9,1,'2018-07-11 04:31:58.721222');
INSERT INTO django_admin_log VALUES(1165,'4','Declining revenue',2,'[{"changed": {"fields": ["last_update"]}}]',9,1,'2018-07-11 04:32:11.835929');
INSERT INTO django_admin_log VALUES(1166,'6','rising_momentum',1,'[{"added": {}}]',7,1,'2018-07-11 06:23:07.658642');
INSERT INTO django_admin_log VALUES(1167,'5','Rising with momentum',1,'[{"added": {}}]',9,1,'2018-07-11 06:23:42.551066');
INSERT INTO django_admin_log VALUES(1168,'5','Rising with momentum',2,'[{"changed": {"fields": ["last_update"]}}]',9,1,'2018-07-11 06:45:26.278039');
INSERT INTO django_admin_log VALUES(1169,'5','Rising with momentum',2,'[{"changed": {"fields": ["last_update"]}}]',9,1,'2018-07-11 06:47:51.941852');
INSERT INTO django_admin_log VALUES(1170,'1','52 week highs',2,'[{"changed": {"fields": ["stocks", "last_update"]}}]',9,1,'2018-07-12 03:13:35.641654');
INSERT INTO django_admin_log VALUES(1171,'3','52 week lows',2,'[{"changed": {"fields": ["stocks", "last_update"]}}]',9,1,'2018-07-12 03:13:45.155145');
INSERT INTO django_admin_log VALUES(1172,'2','Growth Stocks',2,'[{"changed": {"fields": ["stocks", "last_update"]}}]',9,1,'2018-07-12 03:13:58.370285');
INSERT INTO django_admin_log VALUES(1173,'4','Declining revenue',2,'[{"changed": {"fields": ["stocks", "last_update"]}}]',9,1,'2018-07-12 03:14:06.664559');
INSERT INTO django_admin_log VALUES(1174,'4','Declining revenue',2,'[{"changed": {"fields": ["stocks"]}}]',9,1,'2018-07-12 03:14:16.922212');
INSERT INTO django_admin_log VALUES(1175,'5','Rising with momentum',2,'[{"changed": {"fields": ["stocks", "last_update"]}}]',9,1,'2018-07-12 03:14:30.728789');
INSERT INTO django_admin_log VALUES(1176,'4','Declining revenue',2,'[{"changed": {"fields": ["stocks"]}}]',9,1,'2018-07-14 02:38:06.241606');
INSERT INTO django_admin_log VALUES(1177,'4','Declining revenue',2,'[{"changed": {"fields": ["last_update"]}}]',9,1,'2018-07-14 02:38:42.490535');
INSERT INTO django_admin_log VALUES(1178,'4','Declining revenue',2,'[{"changed": {"fields": ["is_a_value_scan"]}}]',9,1,'2018-07-14 02:46:11.384869');
INSERT INTO django_admin_log VALUES(1179,'4','Declining revenue',2,'[{"changed": {"fields": ["stocks", "last_update"]}}]',9,1,'2018-07-14 02:50:00.454846');
INSERT INTO django_admin_log VALUES(1180,'3','52 week lows',2,'[{"changed": {"fields": ["is_a_value_scan"]}}]',9,1,'2018-07-14 02:50:23.276921');
INSERT INTO django_admin_log VALUES(1181,'5','Rising with momentum',2,'[{"changed": {"fields": ["stocks", "last_update"]}}]',9,1,'2018-07-14 02:50:35.825629');
INSERT INTO django_admin_log VALUES(1182,'5','Rising with momentum',2,'[{"changed": {"fields": ["stocks", "last_update"]}}]',9,1,'2018-07-14 03:12:14.505176');
INSERT INTO django_admin_log VALUES(1183,'1','52 week highs',2,'[{"changed": {"fields": ["stocks", "last_update"]}}]',9,1,'2018-07-14 03:15:24.145959');
INSERT INTO django_admin_log VALUES(1184,'2','Growth Stocks',2,'[]',9,1,'2018-07-14 03:31:39.158555');
INSERT INTO django_admin_log VALUES(1185,'1','52 week highs',2,'[{"changed": {"fields": ["stocks", "last_update"]}}]',9,1,'2018-07-15 03:48:55.942938');
INSERT INTO django_admin_log VALUES(1186,'1','52 week highs',2,'[{"changed": {"fields": ["stocks", "last_update"]}}]',9,1,'2018-07-15 03:55:23.826598');
INSERT INTO django_admin_log VALUES(1187,'1','52 week highs',2,'[{"changed": {"fields": ["stocks", "last_update"]}}]',9,1,'2018-07-15 03:58:44.656838');
INSERT INTO django_admin_log VALUES(1188,'2','Growth Stocks',2,'[{"changed": {"fields": ["stocks", "last_update"]}}]',9,1,'2018-07-15 04:10:49.007619');
INSERT INTO django_admin_log VALUES(1189,'7','Watchlist',1,'[{"added": {}}]',7,1,'2018-07-15 20:00:33.186624');
INSERT INTO django_admin_log VALUES(1190,'6','Watchlist-Following',1,'[{"added": {}}]',9,1,'2018-07-15 20:04:05.801552');
INSERT INTO django_admin_log VALUES(1191,'6','Watchlist-Following',2,'[{"changed": {"fields": ["is_a_value_scan"]}}]',9,1,'2018-07-15 20:04:11.961943');
INSERT INTO django_admin_log VALUES(1192,'5','Rising with momentum',2,'[{"changed": {"fields": ["is_a_value_scan"]}}]',9,1,'2018-07-16 06:46:11.521621');
INSERT INTO django_admin_log VALUES(1193,'2','Growth Stocks',2,'[{"changed": {"fields": ["is_a_value_scan"]}}]',9,1,'2018-07-16 06:46:31.804302');
INSERT INTO django_admin_log VALUES(1194,'1','52 week highs',2,'[{"changed": {"fields": ["is_a_value_scan"]}}]',9,1,'2018-07-16 06:46:47.911617');
INSERT INTO django_admin_log VALUES(1195,'8','analyst_updown',1,'[{"added": {}}]',7,1,'2018-07-18 03:08:06.941009');
INSERT INTO django_admin_log VALUES(1196,'7','analyst_updown',1,'[{"added": {}}]',9,1,'2018-07-18 03:08:38.754110');
INSERT INTO django_admin_log VALUES(1197,'7','Analyst updown',2,'[{"changed": {"fields": ["name"]}}]',9,1,'2018-07-18 03:08:55.448596');
INSERT INTO django_admin_log VALUES(1198,'7','Analyst updown',2,'[{"changed": {"fields": ["last_update"]}}]',9,1,'2018-07-20 05:05:45.467205');
INSERT INTO django_admin_log VALUES(1199,'1','52 week highs',2,'[{"changed": {"fields": ["last_update"]}}]',9,1,'2018-07-20 05:05:59.749725');
INSERT INTO django_admin_log VALUES(1200,'5','Rising with momentum',2,'[{"changed": {"fields": ["last_update"]}}]',9,1,'2018-07-20 05:06:09.748815');
INSERT INTO django_admin_log VALUES(1201,'2','Growth Stocks',2,'[{"changed": {"fields": ["last_update"]}}]',9,1,'2018-07-20 05:06:16.276990');
INSERT INTO django_admin_log VALUES(1202,'1','52 week highs',2,'[{"changed": {"fields": ["last_update"]}}]',9,1,'2018-07-20 05:27:36.067821');
INSERT INTO django_admin_log VALUES(1203,'5','Rising with momentum',2,'[]',9,1,'2018-07-20 06:04:03.212947');
INSERT INTO django_admin_log VALUES(1204,'2','Growth Stocks',2,'[{"changed": {"fields": ["last_update"]}}]',9,1,'2018-07-20 06:04:15.699858');
INSERT INTO django_admin_log VALUES(1205,'7','Analyst updown',2,'[{"changed": {"fields": ["last_update"]}}]',9,1,'2018-07-20 06:04:28.141255');
INSERT INTO django_admin_log VALUES(1206,'1','52 week highs',2,'[{"changed": {"fields": ["last_update"]}}]',9,1,'2018-07-20 06:06:03.198147');
INSERT INTO django_admin_log VALUES(1207,'1','52 week highs',2,'[{"changed": {"fields": ["last_update"]}}]',9,1,'2018-07-22 08:14:04.361744');
INSERT INTO django_admin_log VALUES(1208,'1','52 week highs',2,'[{"changed": {"fields": ["last_update"]}}]',9,1,'2018-07-22 08:17:26.203067');
INSERT INTO django_admin_log VALUES(1209,'1','52 week highs',2,'[{"changed": {"fields": ["last_update"]}}]',9,1,'2018-07-22 08:25:43.382617');
INSERT INTO django_admin_log VALUES(1210,'1','52 week highs',2,'[{"changed": {"fields": ["last_update"]}}]',9,1,'2018-07-22 08:31:14.154578');
INSERT INTO django_admin_log VALUES(1211,'1','52 week highs',2,'[{"changed": {"fields": ["last_update"]}}]',9,1,'2018-07-22 08:46:58.092804');
INSERT INTO django_admin_log VALUES(1212,'1','52 week highs',2,'[{"changed": {"fields": ["last_update"]}}]',9,1,'2018-07-22 08:49:38.756299');
INSERT INTO django_admin_log VALUES(1213,'1','52 week highs',2,'[{"changed": {"fields": ["last_update"]}}]',9,1,'2018-07-22 09:42:16.180477');
INSERT INTO django_admin_log VALUES(1214,'1','52 week highs',2,'[{"changed": {"fields": ["last_update"]}}]',9,1,'2018-07-22 09:44:51.325139');
INSERT INTO django_admin_log VALUES(1215,'1','52 week highs',2,'[{"changed": {"fields": ["last_update"]}}]',9,1,'2018-07-22 09:47:42.246920');
INSERT INTO django_admin_log VALUES(1216,'1','52 week highs',2,'[{"changed": {"fields": ["last_update"]}}]',9,1,'2018-07-22 09:52:36.619861');
INSERT INTO django_admin_log VALUES(1217,'1','52 week highs',2,'[{"changed": {"fields": ["last_update"]}}]',9,1,'2018-07-22 10:11:09.912111');
INSERT INTO django_admin_log VALUES(1218,'1','52 week highs',2,'[{"changed": {"fields": ["last_update"]}}]',9,1,'2018-07-22 10:24:02.429780');
INSERT INTO django_admin_log VALUES(1219,'1705','F',3,'',8,1,'2018-07-23 06:48:19.223049');
INSERT INTO django_admin_log VALUES(1220,'1706','F',2,'[{"changed": {"fields": ["last_update"]}}]',8,1,'2018-07-23 06:50:37.436157');
INSERT INTO django_admin_log VALUES(1221,'1706','F',2,'[{"changed": {"fields": ["last_update"]}}]',8,1,'2018-07-23 06:51:46.278667');
INSERT INTO django_admin_log VALUES(1222,'1706','F',2,'[{"changed": {"fields": ["last_update"]}}]',8,1,'2018-07-23 06:53:03.327169');
INSERT INTO django_admin_log VALUES(1223,'1144','BJ',3,'',8,1,'2018-07-25 02:54:03.728095');
CREATE TABLE IF NOT EXISTS "django_content_type" ("id" integer NOT NULL PRIMARY KEY AUTOINCREMENT, "app_label" varchar(100) NOT NULL, "model" varchar(100) NOT NULL);
INSERT INTO django_content_type VALUES(1,'admin','logentry');
INSERT INTO django_content_type VALUES(2,'auth','permission');
INSERT INTO django_content_type VALUES(3,'auth','group');
INSERT INTO django_content_type VALUES(4,'auth','user');
INSERT INTO django_content_type VALUES(5,'contenttypes','contenttype');
INSERT INTO django_content_type VALUES(6,'sessions','session');
INSERT INTO django_content_type VALUES(7,'reports','scan');
INSERT INTO django_content_type VALUES(8,'reports','stock');
INSERT INTO django_content_type VALUES(9,'reports','report');
CREATE TABLE IF NOT EXISTS "auth_permission" ("id" integer NOT NULL PRIMARY KEY AUTOINCREMENT, "content_type_id" integer NOT NULL REFERENCES "django_content_type" ("id") DEFERRABLE INITIALLY DEFERRED, "codename" varchar(100) NOT NULL, "name" varchar(255) NOT NULL);
INSERT INTO auth_permission VALUES(1,1,'add_logentry','Can add log entry');
INSERT INTO auth_permission VALUES(2,1,'change_logentry','Can change log entry');
INSERT INTO auth_permission VALUES(3,1,'delete_logentry','Can delete log entry');
INSERT INTO auth_permission VALUES(4,2,'add_permission','Can add permission');
INSERT INTO auth_permission VALUES(5,2,'change_permission','Can change permission');
INSERT INTO auth_permission VALUES(6,2,'delete_permission','Can delete permission');
INSERT INTO auth_permission VALUES(7,3,'add_group','Can add group');
INSERT INTO auth_permission VALUES(8,3,'change_group','Can change group');
INSERT INTO auth_permission VALUES(9,3,'delete_group','Can delete group');
INSERT INTO auth_permission VALUES(10,4,'add_user','Can add user');
INSERT INTO auth_permission VALUES(11,4,'change_user','Can change user');
INSERT INTO auth_permission VALUES(12,4,'delete_user','Can delete user');
INSERT INTO auth_permission VALUES(13,5,'add_contenttype','Can add content type');
INSERT INTO auth_permission VALUES(14,5,'change_contenttype','Can change content type');
INSERT INTO auth_permission VALUES(15,5,'delete_contenttype','Can delete content type');
INSERT INTO auth_permission VALUES(16,6,'add_session','Can add session');
INSERT INTO auth_permission VALUES(17,6,'change_session','Can change session');
INSERT INTO auth_permission VALUES(18,6,'delete_session','Can delete session');
INSERT INTO auth_permission VALUES(19,7,'add_scan','Can add scan');
INSERT INTO auth_permission VALUES(20,7,'change_scan','Can change scan');
INSERT INTO auth_permission VALUES(21,7,'delete_scan','Can delete scan');
INSERT INTO auth_permission VALUES(22,8,'add_stock','Can add stock');
INSERT INTO auth_permission VALUES(23,8,'change_stock','Can change stock');
INSERT INTO auth_permission VALUES(24,8,'delete_stock','Can delete stock');
INSERT INTO auth_permission VALUES(25,9,'add_report','Can add report');
INSERT INTO auth_permission VALUES(26,9,'change_report','Can change report');
INSERT INTO auth_permission VALUES(27,9,'delete_report','Can delete report');
CREATE TABLE IF NOT EXISTS "auth_user" ("id" integer NOT NULL PRIMARY KEY AUTOINCREMENT, "password" varchar(128) NOT NULL, "last_login" datetime NULL, "is_superuser" bool NOT NULL, "username" varchar(150) NOT NULL UNIQUE, "first_name" varchar(30) NOT NULL, "email" varchar(254) NOT NULL, "is_staff" bool NOT NULL, "is_active" bool NOT NULL, "date_joined" datetime NOT NULL, "last_name" varchar(150) NOT NULL);
INSERT INTO auth_user VALUES(1,'pbkdf2_sha256$100000$VQjcbaid8YDv$kjHDIfStf1ETyMrExhIY6b66H44CPiz09Q1NDUiy9z8=','2018-07-18 03:07:28.014556',1,'admin','','',1,1,'2018-06-28 04:57:10.619333','');
CREATE TABLE IF NOT EXISTS "django_session" ("session_key" varchar(40) NOT NULL PRIMARY KEY, "session_data" text NOT NULL, "expire_date" datetime NOT NULL);
INSERT INTO django_session VALUES('cdyupswg4r2e7grbjuw7rrlogxxm5icv','OGU2OWU0OGM3ZDllYmE4NmNkOTQ5ZWVkMWI2MDhkMzkwM2Q2NzRiNTp7Il9hdXRoX3VzZXJfaWQiOiIxIiwiX2F1dGhfdXNlcl9iYWNrZW5kIjoiZGphbmdvLmNvbnRyaWIuYXV0aC5iYWNrZW5kcy5Nb2RlbEJhY2tlbmQiLCJfYXV0aF91c2VyX2hhc2giOiI4M2Q5NTc1N2FhODAzY2E5OWRlOTg1ODBlNzI3YzE5M2U2NDIzMTEyIn0=','2018-07-12 04:57:55.689788');
INSERT INTO django_session VALUES('otse05nbz6xwufmwvaa9ytkew8ct7be1','OGU2OWU0OGM3ZDllYmE4NmNkOTQ5ZWVkMWI2MDhkMzkwM2Q2NzRiNTp7Il9hdXRoX3VzZXJfaWQiOiIxIiwiX2F1dGhfdXNlcl9iYWNrZW5kIjoiZGphbmdvLmNvbnRyaWIuYXV0aC5iYWNrZW5kcy5Nb2RlbEJhY2tlbmQiLCJfYXV0aF91c2VyX2hhc2giOiI4M2Q5NTc1N2FhODAzY2E5OWRlOTg1ODBlNzI3YzE5M2U2NDIzMTEyIn0=','2018-07-28 02:37:49.489860');
INSERT INTO django_session VALUES('748hne2ucggm90k6yz7kpgbvdlcfi21y','OGU2OWU0OGM3ZDllYmE4NmNkOTQ5ZWVkMWI2MDhkMzkwM2Q2NzRiNTp7Il9hdXRoX3VzZXJfaWQiOiIxIiwiX2F1dGhfdXNlcl9iYWNrZW5kIjoiZGphbmdvLmNvbnRyaWIuYXV0aC5iYWNrZW5kcy5Nb2RlbEJhY2tlbmQiLCJfYXV0aF91c2VyX2hhc2giOiI4M2Q5NTc1N2FhODAzY2E5OWRlOTg1ODBlNzI3YzE5M2U2NDIzMTEyIn0=','2018-08-01 03:07:28.016926');
CREATE TABLE IF NOT EXISTS "reports_scan" ("id" integer NOT NULL PRIMARY KEY AUTOINCREMENT, "name" varchar(20) NOT NULL, "description" varchar(50) NOT NULL, "function" varchar(50) NULL);
INSERT INTO reports_scan VALUES(2,'growthstocks','Stock with > 30% growth','scan_on_growth');
INSERT INTO reports_scan VALUES(3,'52weekhighs','stock making 52 week highs','stocks_52wk_high');
INSERT INTO reports_scan VALUES(4,'52wklows','stock making 52 week lows','stocks_52wk_low');
INSERT INTO reports_scan VALUES(5,'Declining revenue','Stock with negative revenue growth','scan_on_declining_growth');
INSERT INTO reports_scan VALUES(6,'rising_momentum','Rising 1yr Momentum','scan_for_momentum');
INSERT INTO reports_scan VALUES(7,'Watchlist','Watchlist',NULL);
INSERT INTO reports_scan VALUES(8,'analyst_updown','Analyst upgrades and downgrades','analyst_rating_updown');
CREATE TABLE IF NOT EXISTS "reports_report_stocks" ("id" integer NOT NULL PRIMARY KEY AUTOINCREMENT, "report_id" integer NOT NULL REFERENCES "reports_report" ("id") DEFERRABLE INITIALLY DEFERRED, "stock_id" integer NOT NULL REFERENCES "reports_stock" ("id") DEFERRABLE INITIALLY DEFERRED);
INSERT INTO reports_report_stocks VALUES(1161,3,1141);
INSERT INTO reports_report_stocks VALUES(1512,4,1141);
INSERT INTO reports_report_stocks VALUES(1832,5,1436);
INSERT INTO reports_report_stocks VALUES(1840,5,1426);
INSERT INTO reports_report_stocks VALUES(1841,5,1425);
INSERT INTO reports_report_stocks VALUES(1842,5,1217);
INSERT INTO reports_report_stocks VALUES(1843,5,1429);
INSERT INTO reports_report_stocks VALUES(1844,5,1432);
INSERT INTO reports_report_stocks VALUES(1845,5,1433);
INSERT INTO reports_report_stocks VALUES(1847,5,1170);
INSERT INTO reports_report_stocks VALUES(1848,5,1337);
INSERT INTO reports_report_stocks VALUES(1851,5,1435);
INSERT INTO reports_report_stocks VALUES(1852,5,1438);
INSERT INTO reports_report_stocks VALUES(1853,5,1172);
INSERT INTO reports_report_stocks VALUES(1854,5,1439);
INSERT INTO reports_report_stocks VALUES(1855,5,1258);
INSERT INTO reports_report_stocks VALUES(1856,5,1252);
INSERT INTO reports_report_stocks VALUES(1860,5,1450);
INSERT INTO reports_report_stocks VALUES(1869,1,1148);
INSERT INTO reports_report_stocks VALUES(1919,4,1373);
INSERT INTO reports_report_stocks VALUES(1928,4,1380);
INSERT INTO reports_report_stocks VALUES(1981,1,1316);
INSERT INTO reports_report_stocks VALUES(1986,1,1267);
INSERT INTO reports_report_stocks VALUES(1987,1,1268);
INSERT INTO reports_report_stocks VALUES(1989,1,1325);
INSERT INTO reports_report_stocks VALUES(1992,1,1328);
INSERT INTO reports_report_stocks VALUES(1995,1,1474);
INSERT INTO reports_report_stocks VALUES(1998,1,1476);
INSERT INTO reports_report_stocks VALUES(2006,1,1160);
INSERT INTO reports_report_stocks VALUES(2009,1,1503);
INSERT INTO reports_report_stocks VALUES(2010,1,1357);
INSERT INTO reports_report_stocks VALUES(2011,1,1504);
INSERT INTO reports_report_stocks VALUES(2013,1,1309);
INSERT INTO reports_report_stocks VALUES(2014,1,1509);
INSERT INTO reports_report_stocks VALUES(2016,1,1360);
INSERT INTO reports_report_stocks VALUES(2019,1,1248);
INSERT INTO reports_report_stocks VALUES(2021,1,1511);
INSERT INTO reports_report_stocks VALUES(2022,1,1490);
INSERT INTO reports_report_stocks VALUES(2023,1,1170);
INSERT INTO reports_report_stocks VALUES(2026,1,1302);
INSERT INTO reports_report_stocks VALUES(2028,2,1203);
INSERT INTO reports_report_stocks VALUES(2029,2,1219);
INSERT INTO reports_report_stocks VALUES(2030,2,1252);
INSERT INTO reports_report_stocks VALUES(2031,2,1217);
INSERT INTO reports_report_stocks VALUES(2032,2,1254);
INSERT INTO reports_report_stocks VALUES(2034,2,1237);
INSERT INTO reports_report_stocks VALUES(2035,2,1172);
INSERT INTO reports_report_stocks VALUES(2037,2,1250);
INSERT INTO reports_report_stocks VALUES(2038,2,1258);
INSERT INTO reports_report_stocks VALUES(2039,2,1234);
INSERT INTO reports_report_stocks VALUES(2040,2,1218);
INSERT INTO reports_report_stocks VALUES(2043,2,1248);
INSERT INTO reports_report_stocks VALUES(2044,2,1196);
INSERT INTO reports_report_stocks VALUES(2047,2,1257);
INSERT INTO reports_report_stocks VALUES(2048,6,1170);
INSERT INTO reports_report_stocks VALUES(2049,1,1341);
INSERT INTO reports_report_stocks VALUES(2055,1,1175);
INSERT INTO reports_report_stocks VALUES(2057,1,1359);
INSERT INTO reports_report_stocks VALUES(2059,1,1362);
INSERT INTO reports_report_stocks VALUES(2061,1,1171);
INSERT INTO reports_report_stocks VALUES(2063,1,1299);
INSERT INTO reports_report_stocks VALUES(2064,1,1278);
INSERT INTO reports_report_stocks VALUES(2065,1,1492);
INSERT INTO reports_report_stocks VALUES(2066,1,1494);
INSERT INTO reports_report_stocks VALUES(2068,5,1183);
INSERT INTO reports_report_stocks VALUES(2069,5,1179);
INSERT INTO reports_report_stocks VALUES(2070,5,1424);
INSERT INTO reports_report_stocks VALUES(2071,5,1427);
INSERT INTO reports_report_stocks VALUES(2072,5,1225);
INSERT INTO reports_report_stocks VALUES(2073,5,1184);
INSERT INTO reports_report_stocks VALUES(2074,5,1229);
INSERT INTO reports_report_stocks VALUES(2075,5,1191);
INSERT INTO reports_report_stocks VALUES(2076,5,1428);
INSERT INTO reports_report_stocks VALUES(2077,5,1193);
INSERT INTO reports_report_stocks VALUES(2078,5,1255);
INSERT INTO reports_report_stocks VALUES(2079,5,1175);
INSERT INTO reports_report_stocks VALUES(2080,5,1228);
INSERT INTO reports_report_stocks VALUES(2081,5,1362);
INSERT INTO reports_report_stocks VALUES(2082,5,1347);
INSERT INTO reports_report_stocks VALUES(2083,5,1241);
INSERT INTO reports_report_stocks VALUES(2084,5,1444);
INSERT INTO reports_report_stocks VALUES(2086,5,1247);
INSERT INTO reports_report_stocks VALUES(2088,5,1517);
INSERT INTO reports_report_stocks VALUES(2089,5,1453);
INSERT INTO reports_report_stocks VALUES(2091,5,1232);
INSERT INTO reports_report_stocks VALUES(2092,5,1343);
INSERT INTO reports_report_stocks VALUES(2093,5,1471);
INSERT INTO reports_report_stocks VALUES(2095,5,1447);
INSERT INTO reports_report_stocks VALUES(2096,1,1280);
INSERT INTO reports_report_stocks VALUES(2097,1,1519);
INSERT INTO reports_report_stocks VALUES(2104,1,1453);
INSERT INTO reports_report_stocks VALUES(2105,1,1335);
INSERT INTO reports_report_stocks VALUES(2106,1,1502);
INSERT INTO reports_report_stocks VALUES(2107,1,1523);
INSERT INTO reports_report_stocks VALUES(2109,1,1163);
INSERT INTO reports_report_stocks VALUES(2110,1,1199);
INSERT INTO reports_report_stocks VALUES(2113,1,1506);
INSERT INTO reports_report_stocks VALUES(2115,1,1297);
INSERT INTO reports_report_stocks VALUES(2116,1,1526);
INSERT INTO reports_report_stocks VALUES(2117,1,1455);
INSERT INTO reports_report_stocks VALUES(2121,1,1363);
INSERT INTO reports_report_stocks VALUES(2122,2,1207);
INSERT INTO reports_report_stocks VALUES(2124,2,1230);
INSERT INTO reports_report_stocks VALUES(2125,2,1179);
INSERT INTO reports_report_stocks VALUES(2126,2,1228);
INSERT INTO reports_report_stocks VALUES(2127,2,1189);
INSERT INTO reports_report_stocks VALUES(2129,2,1183);
INSERT INTO reports_report_stocks VALUES(2130,2,1175);
INSERT INTO reports_report_stocks VALUES(2131,2,1206);
INSERT INTO reports_report_stocks VALUES(2133,2,1193);
INSERT INTO reports_report_stocks VALUES(2134,2,1242);
INSERT INTO reports_report_stocks VALUES(2138,2,1213);
INSERT INTO reports_report_stocks VALUES(2139,2,1194);
INSERT INTO reports_report_stocks VALUES(2140,2,1225);
INSERT INTO reports_report_stocks VALUES(2141,2,1177);
INSERT INTO reports_report_stocks VALUES(2142,2,1255);
INSERT INTO reports_report_stocks VALUES(2148,2,1239);
INSERT INTO reports_report_stocks VALUES(2151,2,1191);
INSERT INTO reports_report_stocks VALUES(2152,2,1229);
INSERT INTO reports_report_stocks VALUES(2154,2,1247);
INSERT INTO reports_report_stocks VALUES(2155,2,1184);
INSERT INTO reports_report_stocks VALUES(2158,2,1231);
INSERT INTO reports_report_stocks VALUES(2160,2,1212);
INSERT INTO reports_report_stocks VALUES(2161,2,1199);
INSERT INTO reports_report_stocks VALUES(2162,2,1178);
INSERT INTO reports_report_stocks VALUES(2163,2,1241);
INSERT INTO reports_report_stocks VALUES(2164,2,1224);
INSERT INTO reports_report_stocks VALUES(2165,2,1232);
INSERT INTO reports_report_stocks VALUES(2167,2,1238);
INSERT INTO reports_report_stocks VALUES(2168,2,1180);
INSERT INTO reports_report_stocks VALUES(2169,2,1185);
INSERT INTO reports_report_stocks VALUES(2178,7,1533);
INSERT INTO reports_report_stocks VALUES(2179,7,1534);
INSERT INTO reports_report_stocks VALUES(2181,7,1453);
INSERT INTO reports_report_stocks VALUES(2183,7,1536);
INSERT INTO reports_report_stocks VALUES(2186,7,1148);
INSERT INTO reports_report_stocks VALUES(2187,7,1268);
INSERT INTO reports_report_stocks VALUES(2188,7,1538);
INSERT INTO reports_report_stocks VALUES(2191,7,1298);
INSERT INTO reports_report_stocks VALUES(2198,7,1360);
INSERT INTO reports_report_stocks VALUES(2199,7,1544);
INSERT INTO reports_report_stocks VALUES(2200,7,1545);
INSERT INTO reports_report_stocks VALUES(2206,7,1380);
INSERT INTO reports_report_stocks VALUES(2208,7,1548);
INSERT INTO reports_report_stocks VALUES(2212,7,1334);
INSERT INTO reports_report_stocks VALUES(2220,7,1556);
INSERT INTO reports_report_stocks VALUES(2222,7,1450);
INSERT INTO reports_report_stocks VALUES(2224,7,1490);
INSERT INTO reports_report_stocks VALUES(2225,7,1503);
INSERT INTO reports_report_stocks VALUES(2228,7,1157);
INSERT INTO reports_report_stocks VALUES(2230,7,1559);
INSERT INTO reports_report_stocks VALUES(2232,7,1362);
INSERT INTO reports_report_stocks VALUES(2237,7,1258);
INSERT INTO reports_report_stocks VALUES(2241,7,1565);
INSERT INTO reports_report_stocks VALUES(2247,7,1570);
INSERT INTO reports_report_stocks VALUES(2248,7,1248);
INSERT INTO reports_report_stocks VALUES(2249,7,1571);
INSERT INTO reports_report_stocks VALUES(2255,7,1152);
INSERT INTO reports_report_stocks VALUES(2259,7,1175);
INSERT INTO reports_report_stocks VALUES(2261,7,1229);
INSERT INTO reports_report_stocks VALUES(2262,7,1310);
INSERT INTO reports_report_stocks VALUES(2265,7,1576);
INSERT INTO reports_report_stocks VALUES(2267,7,1357);
INSERT INTO reports_report_stocks VALUES(2268,1,1578);
INSERT INTO reports_report_stocks VALUES(2276,1,1585);
INSERT INTO reports_report_stocks VALUES(2279,1,1444);
INSERT INTO reports_report_stocks VALUES(2280,1,1587);
INSERT INTO reports_report_stocks VALUES(2281,1,1427);
INSERT INTO reports_report_stocks VALUES(2284,1,1432);
INSERT INTO reports_report_stocks VALUES(2286,1,1590);
INSERT INTO reports_report_stocks VALUES(2289,1,1592);
INSERT INTO reports_report_stocks VALUES(2295,7,1595);
INSERT INTO reports_report_stocks VALUES(2298,7,1297);
INSERT INTO reports_report_stocks VALUES(2299,7,1596);
INSERT INTO reports_report_stocks VALUES(2302,7,1598);
INSERT INTO reports_report_stocks VALUES(2306,7,1169);
INSERT INTO reports_report_stocks VALUES(2308,7,1602);
INSERT INTO reports_report_stocks VALUES(2311,7,1291);
INSERT INTO reports_report_stocks VALUES(2312,7,1509);
INSERT INTO reports_report_stocks VALUES(2320,7,1611);
INSERT INTO reports_report_stocks VALUES(2321,7,1612);
INSERT INTO reports_report_stocks VALUES(2324,7,1203);
INSERT INTO reports_report_stocks VALUES(2325,7,1474);
INSERT INTO reports_report_stocks VALUES(2326,7,1615);
INSERT INTO reports_report_stocks VALUES(2327,7,1160);
INSERT INTO reports_report_stocks VALUES(2329,7,1616);
INSERT INTO reports_report_stocks VALUES(2330,7,1617);
INSERT INTO reports_report_stocks VALUES(2336,7,1302);
INSERT INTO reports_report_stocks VALUES(2337,7,1623);
INSERT INTO reports_report_stocks VALUES(2341,7,1626);
INSERT INTO reports_report_stocks VALUES(2344,7,1267);
INSERT INTO reports_report_stocks VALUES(2345,7,1592);
INSERT INTO reports_report_stocks VALUES(2348,1,1629);
INSERT INTO reports_report_stocks VALUES(2352,1,1632);
INSERT INTO reports_report_stocks VALUES(2354,1,1225);
INSERT INTO reports_report_stocks VALUES(2355,1,1501);
INSERT INTO reports_report_stocks VALUES(2358,1,1447);
INSERT INTO reports_report_stocks VALUES(2359,1,1634);
INSERT INTO reports_report_stocks VALUES(2361,2,1636);
INSERT INTO reports_report_stocks VALUES(2367,7,1639);
INSERT INTO reports_report_stocks VALUES(2374,7,1178);
INSERT INTO reports_report_stocks VALUES(2375,7,1232);
INSERT INTO reports_report_stocks VALUES(2377,7,1646);
INSERT INTO reports_report_stocks VALUES(2379,7,1231);
INSERT INTO reports_report_stocks VALUES(2381,7,1225);
INSERT INTO reports_report_stocks VALUES(2384,7,1278);
INSERT INTO reports_report_stocks VALUES(2386,7,1590);
INSERT INTO reports_report_stocks VALUES(2387,7,1650);
INSERT INTO reports_report_stocks VALUES(2389,7,1652);
INSERT INTO reports_report_stocks VALUES(2390,7,1578);
INSERT INTO reports_report_stocks VALUES(2392,7,1654);
INSERT INTO reports_report_stocks VALUES(2394,7,1655);
INSERT INTO reports_report_stocks VALUES(2396,7,1657);
INSERT INTO reports_report_stocks VALUES(2397,7,1658);
INSERT INTO reports_report_stocks VALUES(2402,7,1662);
INSERT INTO reports_report_stocks VALUES(2404,7,1664);
INSERT INTO reports_report_stocks VALUES(2411,1,1668);
INSERT INTO reports_report_stocks VALUES(2414,1,1298);
INSERT INTO reports_report_stocks VALUES(2415,1,1489);
INSERT INTO reports_report_stocks VALUES(2418,1,1172);
INSERT INTO reports_report_stocks VALUES(2423,7,1675);
INSERT INTO reports_report_stocks VALUES(2426,7,1676);
INSERT INTO reports_report_stocks VALUES(2428,7,1678);
INSERT INTO reports_report_stocks VALUES(2431,7,1432);
INSERT INTO reports_report_stocks VALUES(2432,7,1427);
INSERT INTO reports_report_stocks VALUES(2436,7,1684);
INSERT INTO reports_report_stocks VALUES(2441,7,1688);
INSERT INTO reports_report_stocks VALUES(2442,7,1238);
INSERT INTO reports_report_stocks VALUES(2447,7,1352);
INSERT INTO reports_report_stocks VALUES(2452,7,1696);
INSERT INTO reports_report_stocks VALUES(2453,7,1629);
INSERT INTO reports_report_stocks VALUES(2454,7,1697);
INSERT INTO reports_report_stocks VALUES(2455,7,1698);
INSERT INTO reports_report_stocks VALUES(2456,1,1708);
INSERT INTO reports_report_stocks VALUES(2461,1,1711);
INSERT INTO reports_report_stocks VALUES(2463,1,1487);
INSERT INTO reports_report_stocks VALUES(2464,1,1338);
INSERT INTO reports_report_stocks VALUES(2465,1,1231);
INSERT INTO reports_report_stocks VALUES(2476,7,1722);
INSERT INTO reports_report_stocks VALUES(2482,7,1325);
INSERT INTO reports_report_stocks VALUES(2483,7,1727);
INSERT INTO reports_report_stocks VALUES(2485,7,1280);
INSERT INTO reports_report_stocks VALUES(2487,7,1729);
INSERT INTO reports_report_stocks VALUES(2493,7,1515);
INSERT INTO reports_report_stocks VALUES(2494,7,1506);
INSERT INTO reports_report_stocks VALUES(2495,7,1733);
INSERT INTO reports_report_stocks VALUES(2501,7,1738);
INSERT INTO reports_report_stocks VALUES(2504,7,1740);
INSERT INTO reports_report_stocks VALUES(2505,7,1329);
INSERT INTO reports_report_stocks VALUES(2509,7,1741);
INSERT INTO reports_report_stocks VALUES(2516,7,1343);
INSERT INTO reports_report_stocks VALUES(2574,5,1763);
INSERT INTO reports_report_stocks VALUES(2575,5,1199);
INSERT INTO reports_report_stocks VALUES(2577,1,1765);
INSERT INTO reports_report_stocks VALUES(2578,1,1766);
INSERT INTO reports_report_stocks VALUES(2580,1,1156);
INSERT INTO reports_report_stocks VALUES(2581,1,1616);
INSERT INTO reports_report_stocks VALUES(2582,1,1450);
INSERT INTO reports_report_stocks VALUES(2583,1,1334);
INSERT INTO reports_report_stocks VALUES(2590,1,1771);
INSERT INTO reports_report_stocks VALUES(2595,7,1766);
INSERT INTO reports_report_stocks VALUES(2598,7,1156);
INSERT INTO reports_report_stocks VALUES(2599,7,1774);
INSERT INTO reports_report_stocks VALUES(2601,7,1309);
INSERT INTO reports_report_stocks VALUES(2602,7,1775);
INSERT INTO reports_report_stocks VALUES(2603,7,1776);
INSERT INTO reports_report_stocks VALUES(2605,7,1326);
INSERT INTO reports_report_stocks VALUES(2606,7,1177);
INSERT INTO reports_report_stocks VALUES(2609,7,1779);
INSERT INTO reports_report_stocks VALUES(2610,7,1780);
INSERT INTO reports_report_stocks VALUES(2611,7,1213);
INSERT INTO reports_report_stocks VALUES(2613,7,1255);
INSERT INTO reports_report_stocks VALUES(2621,7,1349);
INSERT INTO reports_report_stocks VALUES(2626,7,1789);
INSERT INTO reports_report_stocks VALUES(2627,7,1347);
INSERT INTO reports_report_stocks VALUES(2628,7,1250);
INSERT INTO reports_report_stocks VALUES(2629,7,1790);
INSERT INTO reports_report_stocks VALUES(2633,7,1794);
INSERT INTO reports_report_stocks VALUES(2634,5,1797);
INSERT INTO reports_report_stocks VALUES(2635,5,1798);
INSERT INTO reports_report_stocks VALUES(2636,5,1799);
INSERT INTO reports_report_stocks VALUES(2637,5,1800);
INSERT INTO reports_report_stocks VALUES(2638,5,1801);
INSERT INTO reports_report_stocks VALUES(2639,5,1802);
INSERT INTO reports_report_stocks VALUES(2640,5,1803);
INSERT INTO reports_report_stocks VALUES(2641,5,1804);
INSERT INTO reports_report_stocks VALUES(2642,5,1805);
INSERT INTO reports_report_stocks VALUES(2643,5,1806);
INSERT INTO reports_report_stocks VALUES(2644,5,1807);
INSERT INTO reports_report_stocks VALUES(2645,1,1798);
INSERT INTO reports_report_stocks VALUES(2646,1,1808);
INSERT INTO reports_report_stocks VALUES(2647,1,1809);
INSERT INTO reports_report_stocks VALUES(2648,1,1810);
INSERT INTO reports_report_stocks VALUES(2649,1,1811);
INSERT INTO reports_report_stocks VALUES(2650,1,1812);
INSERT INTO reports_report_stocks VALUES(2651,1,1177);
INSERT INTO reports_report_stocks VALUES(2652,1,1813);
INSERT INTO reports_report_stocks VALUES(2653,1,1814);
INSERT INTO reports_report_stocks VALUES(2654,1,1815);
INSERT INTO reports_report_stocks VALUES(2655,1,1816);
INSERT INTO reports_report_stocks VALUES(2656,1,1676);
INSERT INTO reports_report_stocks VALUES(2657,1,1191);
INSERT INTO reports_report_stocks VALUES(2658,1,1817);
INSERT INTO reports_report_stocks VALUES(2659,1,1818);
INSERT INTO reports_report_stocks VALUES(2660,1,1819);
INSERT INTO reports_report_stocks VALUES(2661,1,1820);
INSERT INTO reports_report_stocks VALUES(2662,1,1821);
INSERT INTO reports_report_stocks VALUES(2663,1,1822);
INSERT INTO reports_report_stocks VALUES(2664,1,1823);
INSERT INTO reports_report_stocks VALUES(2665,1,1824);
INSERT INTO reports_report_stocks VALUES(2666,1,1825);
INSERT INTO reports_report_stocks VALUES(2667,1,1274);
INSERT INTO reports_report_stocks VALUES(2668,1,1826);
INSERT INTO reports_report_stocks VALUES(2669,1,1827);
INSERT INTO reports_report_stocks VALUES(2670,1,1828);
INSERT INTO reports_report_stocks VALUES(2671,1,1829);
INSERT INTO reports_report_stocks VALUES(2672,1,1830);
INSERT INTO reports_report_stocks VALUES(2673,1,1831);
INSERT INTO reports_report_stocks VALUES(2674,1,1832);
INSERT INTO reports_report_stocks VALUES(2675,1,1833);
INSERT INTO reports_report_stocks VALUES(2676,1,1834);
INSERT INTO reports_report_stocks VALUES(2677,1,1479);
INSERT INTO reports_report_stocks VALUES(2678,1,1835);
INSERT INTO reports_report_stocks VALUES(2679,1,1165);
INSERT INTO reports_report_stocks VALUES(2680,1,1836);
INSERT INTO reports_report_stocks VALUES(2681,1,1515);
INSERT INTO reports_report_stocks VALUES(2682,1,1837);
INSERT INTO reports_report_stocks VALUES(2683,1,1838);
INSERT INTO reports_report_stocks VALUES(2684,1,1839);
INSERT INTO reports_report_stocks VALUES(2685,1,1840);
INSERT INTO reports_report_stocks VALUES(2686,1,1841);
INSERT INTO reports_report_stocks VALUES(2687,1,1842);
INSERT INTO reports_report_stocks VALUES(2688,1,1843);
INSERT INTO reports_report_stocks VALUES(2689,1,1844);
INSERT INTO reports_report_stocks VALUES(2690,1,1845);
INSERT INTO reports_report_stocks VALUES(2691,7,1846);
INSERT INTO reports_report_stocks VALUES(2692,7,1804);
INSERT INTO reports_report_stocks VALUES(2693,7,1847);
INSERT INTO reports_report_stocks VALUES(2694,7,1848);
INSERT INTO reports_report_stocks VALUES(2695,7,1849);
INSERT INTO reports_report_stocks VALUES(2696,7,1821);
INSERT INTO reports_report_stocks VALUES(2697,7,1850);
INSERT INTO reports_report_stocks VALUES(2698,7,1851);
INSERT INTO reports_report_stocks VALUES(2699,7,1852);
INSERT INTO reports_report_stocks VALUES(2700,7,1853);
INSERT INTO reports_report_stocks VALUES(2701,7,1771);
INSERT INTO reports_report_stocks VALUES(2702,7,1854);
INSERT INTO reports_report_stocks VALUES(2703,7,1855);
INSERT INTO reports_report_stocks VALUES(2704,7,1856);
INSERT INTO reports_report_stocks VALUES(2705,7,1857);
INSERT INTO reports_report_stocks VALUES(2706,7,1858);
INSERT INTO reports_report_stocks VALUES(2707,7,1859);
INSERT INTO reports_report_stocks VALUES(2708,7,1860);
INSERT INTO reports_report_stocks VALUES(2709,7,1346);
INSERT INTO reports_report_stocks VALUES(2710,7,1861);
INSERT INTO reports_report_stocks VALUES(2711,7,1220);
INSERT INTO reports_report_stocks VALUES(2712,7,1828);
INSERT INTO reports_report_stocks VALUES(2713,7,1862);
INSERT INTO reports_report_stocks VALUES(2714,7,1863);
INSERT INTO reports_report_stocks VALUES(2715,7,1864);
INSERT INTO reports_report_stocks VALUES(2716,7,1865);
INSERT INTO reports_report_stocks VALUES(2717,7,1834);
INSERT INTO reports_report_stocks VALUES(2718,7,1866);
INSERT INTO reports_report_stocks VALUES(2719,7,1867);
INSERT INTO reports_report_stocks VALUES(2720,7,1868);
INSERT INTO reports_report_stocks VALUES(2721,7,1869);
INSERT INTO reports_report_stocks VALUES(2722,7,1870);
INSERT INTO reports_report_stocks VALUES(2723,7,1504);
INSERT INTO reports_report_stocks VALUES(2724,7,1871);
INSERT INTO reports_report_stocks VALUES(2725,7,1872);
INSERT INTO reports_report_stocks VALUES(2726,7,1873);
INSERT INTO reports_report_stocks VALUES(2727,7,1874);
INSERT INTO reports_report_stocks VALUES(2728,7,1839);
INSERT INTO reports_report_stocks VALUES(2729,7,1875);
INSERT INTO reports_report_stocks VALUES(2730,7,1437);
INSERT INTO reports_report_stocks VALUES(2731,7,1247);
INSERT INTO reports_report_stocks VALUES(2732,7,1876);
INSERT INTO reports_report_stocks VALUES(2733,7,1812);
INSERT INTO reports_report_stocks VALUES(2734,7,1818);
INSERT INTO reports_report_stocks VALUES(2735,7,1806);
INSERT INTO reports_report_stocks VALUES(2736,7,1877);
INSERT INTO reports_report_stocks VALUES(2737,7,1878);
INSERT INTO reports_report_stocks VALUES(2738,7,1879);
INSERT INTO reports_report_stocks VALUES(2739,7,1880);
INSERT INTO reports_report_stocks VALUES(2740,7,1881);
INSERT INTO reports_report_stocks VALUES(2741,7,1882);
INSERT INTO reports_report_stocks VALUES(2742,7,1883);
INSERT INTO reports_report_stocks VALUES(2743,7,1335);
INSERT INTO reports_report_stocks VALUES(2744,7,1823);
INSERT INTO reports_report_stocks VALUES(2745,7,1884);
INSERT INTO reports_report_stocks VALUES(2746,7,1885);
INSERT INTO reports_report_stocks VALUES(2747,7,1837);
INSERT INTO reports_report_stocks VALUES(2748,7,1886);
INSERT INTO reports_report_stocks VALUES(2749,7,1887);
INSERT INTO reports_report_stocks VALUES(2750,7,1888);
INSERT INTO reports_report_stocks VALUES(2751,7,1889);
INSERT INTO reports_report_stocks VALUES(2752,7,1890);
INSERT INTO reports_report_stocks VALUES(2753,7,1891);
INSERT INTO reports_report_stocks VALUES(2754,7,1892);
INSERT INTO reports_report_stocks VALUES(2755,7,1835);
INSERT INTO reports_report_stocks VALUES(2756,7,1893);
INSERT INTO reports_report_stocks VALUES(2757,7,1894);
INSERT INTO reports_report_stocks VALUES(2758,7,1895);
CREATE TABLE IF NOT EXISTS "reports_report" ("id" integer NOT NULL PRIMARY KEY AUTOINCREMENT, "name" varchar(20) NOT NULL, "last_update" datetime NOT NULL, "factor_id" integer NULL REFERENCES "reports_scan" ("id") DEFERRABLE INITIALLY DEFERRED, "is_a_value_scan" bool NOT NULL);
INSERT INTO reports_report VALUES(1,'52 week highs','2018-07-26 01:48:04.912674',3,0);
INSERT INTO reports_report VALUES(2,'Growth Stocks','2018-07-25 02:37:51.374712',2,0);
INSERT INTO reports_report VALUES(3,'52 week lows','2018-07-24 05:53:05.678691',4,0);
INSERT INTO reports_report VALUES(4,'Declining revenue','2018-07-24 05:55:07.661475',5,0);
INSERT INTO reports_report VALUES(5,'Rising with momentum','2018-07-25 07:09:55.951904',6,0);
INSERT INTO reports_report VALUES(6,'Watchlist-Following','2018-07-15 20:04:04',7,0);
INSERT INTO reports_report VALUES(7,'Analyst updown','2018-07-26 01:51:24.543768',8,0);
CREATE TABLE IF NOT EXISTS "reports_stock" ("id" integer NOT NULL PRIMARY KEY AUTOINCREMENT, "symbol" varchar(20) NOT NULL UNIQUE, "name" varchar(20) NULL, "fiftyTwoWkHigh" real NULL, "fiftyTwoWkLow" real NULL, "avgVolume" real NULL, "twentyDayAvgVol" real NULL, "exchange" varchar(20) NULL, "lastPrice" real NULL, "netChange" real NULL, "percentChange" real NULL, "open_price" real NULL, "high_price" real NULL, "low_price" real NULL, "close_price" real NULL, "volume" integer NULL, "aquirersMultiple" real NULL, "one_yr_change" real NULL, "revenue_growth" real NULL, "last_update" datetime NULL);
INSERT INTO reports_stock VALUES(1141,'CCL','Carnival Corp',28.079999999999998294,0.5500000000000000444,3789816.0,5235364.9999999999999,'NYSE',56.759999999999998011,-0.39000000000000001332,-0.68000000000000004884,57.140000000000000569,57.170000000000001706,56.45000000000000284,56.759999999999998011,4037300,NULL,NULL,NULL,'2018-07-05 01:58:20.705055');
INSERT INTO reports_stock VALUES(1145,'BV','Brightview Holdings Inc.',3.1000000000000000888,5.6200000000000001065,2605260.0,NULL,'NYSE',22.249999999999999999,-0.4000000000000000222,-1.7700000000000000177,22.769999999999999574,22.940000000000001279,21.899999999999998578,22.249999999999999999,2019900,0.0,NULL,NULL,'2018-07-06 07:53:59.138198');
INSERT INTO reports_stock VALUES(1146,'CNX','CNX Resources Corp',2.1699999999999999289,35.649999999999998578,3412628.9999999999999,2400145.0,'NYSE',17.980000000000000426,0.010000000000000000208,0.059999999999999997779,18.160000000000000142,18.370000000000000994,17.899999999999998579,17.980000000000000426,1374700,64.310000000000002275,NULL,NULL,'2018-07-11 02:20:09.289601');
INSERT INTO reports_stock VALUES(1148,'DRI','Darden Restaurants',0.89000000000000001332,31.789999999999999148,1648201.9999999999999,2182825.0,'NYSE',111.81000000000000227,-0.34000000000000002442,-0.29999999999999998889,111.03000000000000113,112.81000000000000227,111.03000000000000113,111.81000000000000227,801800,12.714999999999999858,28.010000000000001563,12.169999999999999929,'2018-07-20 06:06:45.286038');
INSERT INTO reports_stock VALUES(1149,'DVMT','Dell Technologies Inc Cl V',1.8899999999999999023,35.380000000000002557,2173323.9999999999999,2522794.9999999999999,'NYSE',94.370000000000004549,0.73999999999999999111,0.79000000000000003552,94.590000000000003408,96.150000000000005687,93.519999999999996022,94.370000000000004549,2872500,-28.350000000000001421,NULL,NULL,'2018-07-11 02:13:47.628745');
INSERT INTO reports_stock VALUES(1151,'EVRG','Evergy Inc.',1.1999999999999999555,17.089999999999999857,1402732.0,2127539.9999999999999,'NYSE',56.759999999999998011,0.2000000000000000111,0.34999999999999997779,56.45000000000000284,57.090000000000003408,56.40999999999999659,56.759999999999998011,1242300,0.0,NULL,NULL,'2018-07-08 08:05:56.186682');
INSERT INTO reports_stock VALUES(1152,'EXC','Exelon Corp',3.1499999999999999111,15.070000000000000284,6373184.9999999999997,5571185.0,'NYSE',41.880000000000002558,0.23000000000000000999,0.5500000000000000444,41.61999999999999744,42.240000000000001989,41.600000000000001421,41.880000000000002558,5545000,7.0080000000000000071,15.880000000000000781,10.820000000000000283,'2018-07-26 01:51:24.282116');
INSERT INTO reports_stock VALUES(1156,'LYV','Live Nation Entertainment',1.9899999999999999911,30.629999999999999004,1577494.9999999999999,1127959.9999999999999,'NYSE',51.810000000000002275,0.8000000000000000444,1.5700000000000000621,52.530000000000001136,52.840000000000003411,51.520000000000003128,51.810000000000002275,1507500,17.461999999999999744,38.390000000000000569,19.269999999999999573,'2018-07-25 02:42:57.126285');
INSERT INTO reports_stock VALUES(1157,'MPW','Medical Properties Trust',3.2000000000000001776,15.990000000000000213,2124419.9999999999999,1548450.0,'NYSE',14.070000000000000284,-0.10000000000000000555,-0.70999999999999996447,14.130000000000000782,14.230000000000000426,13.900000000000000355,14.070000000000000284,1577300,19.899999999999998578,18.719999999999998863,40.020000000000003127,'2018-07-19 02:24:19.242761');
INSERT INTO reports_stock VALUES(1159,'STOR','Store Capital Corpstore Capital',0.32000000000000000666,22.780000000000001137,1625515.9999999999999,1474295.0,'NYSE',27.960000000000000853,0.2000000000000000111,0.71999999999999997335,27.850000000000001421,28.050000000000000709,27.820000000000000284,27.960000000000000853,1058600,30.019999999999999573,NULL,NULL,'2018-07-08 08:05:56.386302');
INSERT INTO reports_stock VALUES(1160,'TRU','Transunion',1.9899999999999999911,44.880000000000002556,1216405.0,793399.99999999999999,'NYSE',74.510000000000005115,0.9399999999999999467,1.2800000000000000266,73.000000000000000001,74.93000000000000682,72.780000000000001137,74.510000000000005115,1185700,21.510999999999999231,62.799999999999997156,18.109999999999999431,'2018-07-26 01:51:19.348714');
INSERT INTO reports_stock VALUES(1161,'TVPT','Travelport Worldwide Ltd',0.79000000000000003552,39.920000000000001705,1748269.0,1130255.0,'NYSE',20.140000000000000568,0.23000000000000000999,1.15999999999999992,19.929999999999999715,20.30000000000000071,19.899999999999998578,20.140000000000000568,1404900,12.970000000000000639,NULL,NULL,'2018-07-10 03:14:38.471228');
INSERT INTO reports_stock VALUES(1162,'UGI','Ugi Corp',0.29999999999999998889,21.179999999999999716,840378.0,780779.99999999999998,'NYSE',53.929999999999999717,0.66000000000000003108,1.2399999999999999911,53.390000000000000569,54.090000000000003411,53.320000000000000285,53.929999999999999717,766700,11.80000000000000071,NULL,NULL,'2018-07-08 08:05:56.444546');
INSERT INTO reports_stock VALUES(1163,'VSH','Vishay Intertechnology',1.3400000000000000799,36.329999999999998295,1931782.0,2218185.0,'NYSE',26.149999999999998579,0.4000000000000000222,1.5500000000000000444,25.600000000000001421,26.5,25.499999999999999999,26.149999999999998579,1856800,9.6999999999999992894,48.719999999999998863,15.179999999999999715,'2018-07-18 02:06:42.267773');
INSERT INTO reports_stock VALUES(1164,'VG','Vonage Holdings',1.1799999999999999378,53.520000000000003126,1626722.0,1741290.0,'NYSE',13.509999999999999786,0.34000000000000002442,2.580000000000000071,13.220000000000000639,13.669999999999999928,13.099999999999999644,13.509999999999999786,2245100,43.310000000000002272,104.81999999999999318,NULL,'2018-07-12 03:19:58.868742');
INSERT INTO reports_stock VALUES(1165,'YEXT','Yext Inc',1.0600000000000000532,53.310000000000002272,911212.0,921240.00000000000002,'NYSE',22.660000000000000142,3.7200000000000001953,19.640000000000000568,19.219999999999998863,22.899999999999998579,19.219999999999998863,22.660000000000000142,3931500,-19.606999999999999317,38.960000000000000852,37.799999999999997156,'2018-07-26 01:48:03.477449');
INSERT INTO reports_stock VALUES(1166,'ZAYO','Zayo Group Holdings Inc',0.89000000000000001332,24.370000000000000995,2418343.9999999999999,2809640.0000000000001,'NYSE',39.310000000000002273,-0.040000000000000000832,-0.10000000000000000555,39.409999999999996589,39.659999999999996588,39.25,39.310000000000002273,3214400,34.75999999999999801,31.519999999999999574,NULL,'2018-07-13 01:36:19.235924');
INSERT INTO reports_stock VALUES(1169,'IRWD','Ironwood Pharmaceuti',6.1100000000000003197,35.490000000000001989,1456927.0,1095210.0,'NASDAQ',19.980000000000000426,-0.040000000000000000832,-0.2000000000000000111,19.75,20.170000000000001705,19.699999999999999289,19.980000000000000426,895100,-48.115999999999999659,17.010000000000001563,32.570000000000000283,'2018-07-24 01:25:34.805665');
INSERT INTO reports_stock VALUES(1170,'NTAP','Netapp Inc',5.7800000000000002486,52.229999999999996871,3043735.0,2472255.0,'NASDAQ',78.599999999999994315,-2.7900000000000000355,-3.4300000000000001598,81.489999999999994887,81.920000000000001705,78.530000000000001136,78.599999999999994315,3596000,12.6509999999999998,78.109999999999999431,10.80000000000000071,'2018-07-25 07:09:55.683509');
INSERT INTO reports_stock VALUES(1171,'NVCR','Novocure Ltd Ord Sh',0.91000000000000003108,57.96000000000000085,896202.99999999999997,795699.99999999999999,'NASDAQ',38.299999999999997158,0.75,2.0,37.799999999999997156,38.649999999999998579,37.649999999999998578,38.299999999999997158,819600,-64.975999999999999091,97.629999999999995449,49.439999999999997724,'2018-07-24 01:10:54.043898');
INSERT INTO reports_stock VALUES(1172,'TTD','Trade Desk Inc',8.4399999999999995026,54.899999999999998579,1076652.9999999999999,622234.99999999999999,'NASDAQ',90.249999999999999996,-4.6299999999999998934,-4.8799999999999998934,96.019999999999996022,96.999999999999999998,87.519999999999996019,90.249999999999999996,1175400,23.967999999999999971,66.790000000000006251,60.570000000000000285,'2018-07-25 07:09:55.878313');
INSERT INTO reports_stock VALUES(1173,'TBIO','Translate Bio Inc.',2.4300000000000001598,13.060000000000000497,755640.0,NULL,'NASDAQ',13.169999999999999929,0.25,1.9299999999999999378,13.490000000000000213,13.490000000000000213,12.999999999999999999,13.169999999999999929,82200,0.0,NULL,NULL,'2018-07-06 07:53:59.366789');
INSERT INTO reports_stock VALUES(1174,'TCDA','Tricida Inc.',5.6500000000000003552,24.859999999999999431,1357874.9999999999999,NULL,'NASDAQ',32.939999999999997725,2.9300000000000001598,9.7599999999999997868,30.410000000000000142,34.799999999999997157,30.370000000000000994,32.939999999999997725,426700,NULL,NULL,NULL,'2018-07-05 06:25:57.443314');
INSERT INTO reports_stock VALUES(1175,'AMZN','Amazon.Com Inc',0.010000000000000000208,50.0,5054686.9999999999999,3982915.0,'NASDAQ',1863.6099999999998999,34.369999999999997441,1.8799999999999998934,1829.2999999999999545,1863.8399999999999181,1822.6400000000000999,1863.6099999999998999,3836300,38.064999999999997726,73.439999999999997725,42.920000000000001704,'2018-07-26 01:48:03.714277');
INSERT INTO reports_stock VALUES(1176,'HDP','Hortonworks',14.939999999999999502,36.829999999999998294,966995.00000000000003,1376154.9999999999999,'NASDAQ',19.140000000000000568,-0.23000000000000000999,-1.1899999999999999467,19.309999999999998721,19.609999999999999431,19.129999999999999005,19.140000000000000568,537500,-6.8600000000000003197,NULL,NULL,'2018-07-11 02:20:09.222825');
INSERT INTO reports_stock VALUES(1177,'EOG','Eog Resources',0.23000000000000000999,36.130000000000002558,3453927.9999999999998,2493065.0,'NYSE',128.37999999999999545,2.7599999999999997868,2.2000000000000001776,125.62999999999999545,128.66999999999998749,125.31999999999999317,128.37999999999999545,2967300,13.182999999999999829,35.479999999999996874,41.009999999999998008,'2018-07-26 01:51:23.251846');
INSERT INTO reports_stock VALUES(1178,'ADI','Analog Devices',6.2999999999999998223,21.589999999999999857,2690407.9999999999999,1993190.0,'NASDAQ',97.450000000000002843,-0.34000000000000002442,-0.34999999999999997779,98.040000000000006256,99.170000000000001708,97.299999999999997159,97.450000000000002843,2964600,17.323000000000000397,26.769999999999999572,31.800000000000000709,'2018-07-25 02:37:49.636972');
INSERT INTO reports_stock VALUES(1179,'SRPT','Sarepta Therapeutics',34.469999999999998863,73.140000000000000568,1592079.9999999999999,1027219.9999999999999,'NASDAQ',131.2599999999999909,-1.1799999999999999378,-0.89000000000000001332,134.15999999999999658,134.5,129.49000000000000909,131.2599999999999909,768000,-29.952999999999999404,198.65999999999999658,295.31999999999999318,'2018-07-25 07:09:53.848900');
INSERT INTO reports_stock VALUES(1180,'WDAY','Workday Inc',6.9400000000000003907,27.160000000000000142,1745908.9999999999999,1756079.9999999999999,'NASDAQ',130.90999999999999659,-3.0099999999999997868,-2.25,134.81000000000000226,134.8300000000000125,129.59999999999999431,130.90999999999999659,1534900,-144.38599999999999568,29.199999999999999289,28.920000000000001705,'2018-07-25 02:37:48.945645');
INSERT INTO reports_stock VALUES(1183,'JUNO','Juno Therapeutics',0.059999999999999997779,77.439999999999997726,5484542.0,4145455.0,'NASDAQ',86.959999999999993743,0.089999999999999996669,0.10000000000000000555,86.969999999999998861,87.010000000000005115,86.900000000000005686,86.959999999999993743,3696100,-11.169999999999999928,303.70999999999997954,25.089999999999999858,'2018-07-25 07:09:53.836101');
INSERT INTO reports_stock VALUES(1184,'NTNX','Nutanix Inc',21.730000000000000426,62.429999999999999716,3795042.9999999999999,2368660.0,'NASDAQ',53.289999999999999149,-2.7700000000000000177,-4.9400000000000003907,56.750000000000000001,56.990000000000001988,52.929999999999999714,53.289999999999999149,2887000,-32.582000000000000739,139.97999999999998976,40.719999999999998861,'2018-07-25 07:09:54.418728');
INSERT INTO reports_stock VALUES(1185,'FMC','FMC Corp',14.249999999999999999,15.810000000000000497,1389624.9999999999999,1012854.9999999999999,'NYSE',86.390000000000000566,0.51000000000000000888,0.58999999999999996891,86.659999999999996591,87.439999999999997726,86.090000000000003414,86.390000000000000566,796600,8.9619999999999997442,12.689999999999999503,103.14000000000000057,'2018-07-25 02:37:49.934835');
INSERT INTO reports_stock VALUES(1186,'TROX','Tronox Inc',38.74000000000000199,21.539999999999999147,1256130.0,1633120.0,'NYSE',20.469999999999998862,0.020000000000000000416,0.10000000000000000555,20.489999999999998435,21.039999999999999147,19.55000000000000071,20.469999999999998862,3559800,28.160000000000000142,NULL,NULL,'2018-07-11 02:20:09.401373');
INSERT INTO reports_stock VALUES(1188,'ACAD','Acadia Pharmaceutica',147.0,13.009999999999999787,2874350.0,4274399.9999999999998,'NASDAQ',16.679999999999999716,0.050000000000000002775,0.29999999999999998889,16.55999999999999872,16.960000000000000852,16.100000000000001421,16.679999999999999716,3729300,-12.400000000000000355,NULL,NULL,'2018-07-11 02:20:09.186298');
INSERT INTO reports_stock VALUES(1189,'ALNY','Alnylam Pharmaceut',50.0,31.070000000000000284,879300.99999999999996,562090.0,'NASDAQ',102.65999999999999659,-3.0499999999999998223,-2.8900000000000001243,106.18000000000000682,107.32999999999999828,101.73000000000000397,102.65999999999999659,565200,-22.05900000000000105,26.539999999999999147,15.499999999999999999,'2018-07-25 02:37:49.335311');
INSERT INTO reports_stock VALUES(1191,'GRUB','Grubhub Inc',3.0600000000000000532,66.269999999999996019,1775033.0,1831895.0,'NYSE',134.72999999999998976,25.670000000000001705,23.539999999999999147,119.25,138.84999999999999431,117.49999999999999999,134.72999999999998976,11172300,55.237999999999999544,140.0099999999999909,48.960000000000000854,'2018-07-26 01:48:01.800247');
INSERT INTO reports_stock VALUES(1193,'NKTR','Nektar Therapeutics',139.68999999999999772,62.310000000000002272,3609986.9999999999999,2667430.0,'NASDAQ',46.460000000000000854,-2.9100000000000001421,-5.8899999999999996802,49.799999999999997159,50.170000000000001703,45.689999999999997724,46.460000000000000854,2462400,-187.26200000000000045,102.43999999999999772,53.74000000000000199,'2018-07-25 07:09:55.033018');
INSERT INTO reports_stock VALUES(1194,'RSPP','Rsp Permian Inc',7.6900000000000003907,39.869999999999997442,2784235.9999999999999,1813149.9999999999999,'NYSE',47.829999999999998293,0.46999999999999997335,0.98999999999999999111,48.009999999999998011,48.189999999999997724,46.750000000000000001,47.829999999999998293,6685000,16.266999999999999459,43.719999999999998863,62.609999999999999429,'2018-07-25 02:37:48.957016');
INSERT INTO reports_stock VALUES(1196,'LNG','Cheniere Energy',11.019999999999999573,35.530000000000001136,2258156.0,2267439.9999999999999,'AMEX',62.60000000000000142,0.4000000000000000222,0.64000000000000001332,62.049999999999997158,62.740000000000001991,62.049999999999997158,62.60000000000000142,1135800,31.611999999999998323,35.15999999999999659,85.140000000000000566,'2018-07-25 02:37:50.922350');
INSERT INTO reports_stock VALUES(1199,'W','Wayfair Inc',4.8600000000000003197,54.829999999999998296,1783161.9999999999999,1226884.9999999999999,'NYSE',122.48999999999999488,-4.3899999999999996802,-3.4599999999999999644,127.90000000000000568,127.90000000000000568,120.84999999999999431,122.48999999999999488,1104700,-31.001000000000001222,66.599999999999994317,46.149999999999998579,'2018-07-25 07:09:55.889334');
INSERT INTO reports_stock VALUES(1201,'RRC','Range Resources Corp',34.820000000000000284,29.820000000000000284,8408327.9999999999999,8548884.9999999999996,'NYSE',17.0,-0.54000000000000003552,-3.080000000000000071,17.679999999999999715,17.820000000000000284,16.910000000000000141,17.0,5807700,32.329999999999998294,NULL,NULL,'2018-07-11 02:20:09.082747');
INSERT INTO reports_stock VALUES(1202,'HTS','Hatteras Financial Corp',5.5199999999999995736,35.299999999999997156,1627523.9999999999999,1785600.0,'NYSE',16.289999999999999147,0.089999999999999996669,0.56000000000000005329,16.199999999999999289,16.329999999999998295,16.089999999999999857,16.289999999999999147,2453100,84.989999999999994882,NULL,NULL,'2018-07-11 02:20:09.457885');
INSERT INTO reports_stock VALUES(1203,'CXO','Concho Resources Inc',10.759999999999999787,27.530000000000001136,2023933.0,2788630.0,'NYSE',147.27000000000001023,1.8899999999999999023,1.3000000000000000444,145.90000000000000568,147.5800000000000125,144.19999999999998863,147.27000000000001023,2105100,11.255000000000000781,11.710000000000000853,54.740000000000001989,'2018-07-26 01:51:19.503593');
INSERT INTO reports_stock VALUES(1206,'DRE','Duke Realty Corp',8.9299999999999997157,12.179999999999999715,2525312.9999999999999,2310855.0,'NYSE',27.670000000000001705,-0.2000000000000000111,-0.71999999999999997335,27.870000000000000994,27.870000000000000994,27.519999999999999573,27.670000000000001705,3295900,5.9359999999999999431,5.8899999999999996802,29.539999999999999147,'2018-07-25 02:37:51.063856');
INSERT INTO reports_stock VALUES(1207,'RICE','Rice Energy Inc',1.3600000000000000976,37.59000000000000341,5313635.9999999999998,8228005.0000000000002,'NYSE',29.320000000000000285,-0.34000000000000002442,-1.1499999999999999111,29.620000000000000993,29.719999999999998862,29.140000000000000567,29.320000000000000285,26809102,15.051999999999999602,27.480000000000000426,83.629999999999995452,'2018-07-25 02:37:49.710224');
INSERT INTO reports_stock VALUES(1212,'AON','AON Plc',3.7900000000000000355,11.089999999999999857,1048068.9999999999999,756440.00000000000002,'NYSE',147.19999999999998863,0.0099999999999899995273,0.010000000000000000208,147.5,148.03999999999999204,146.7599999999999909,147.19999999999998863,788500,12.750999999999999446,6.5300000000000002486,29.780000000000001136,'2018-07-25 02:37:49.190399');
INSERT INTO reports_stock VALUES(1213,'PXD','Pioneer Natural Resources Co',14.009999999999999786,32.969999999999998862,1562515.9999999999999,1378350.0,'NYSE',187.16999999999998749,5.8600000000000003197,3.2299999999999999822,182.81000000000000227,188.74000000000000909,182.05000000000001137,187.16999999999998749,1381500,14.307999999999999829,13.380000000000000781,65.379999999999995454,'2018-07-25 02:42:58.648205');
INSERT INTO reports_stock VALUES(1214,'KIM','Kimco Realty Corp',27.030000000000001137,21.289999999999999146,4944778.9999999999998,4613049.9999999999998,'NYSE',16.719999999999998862,-0.050000000000000002775,-0.29999999999999998889,16.80000000000000071,16.910000000000000141,16.55999999999999872,16.719999999999998862,3056100,38.880000000000002557,NULL,NULL,'2018-07-11 02:20:09.429328');
INSERT INTO reports_stock VALUES(1217,'HFC','Hollyfrontier Corp',17.460000000000000852,61.859999999999999431,2950140.9999999999998,2519254.9999999999999,'NYSE',70.900000000000005682,-0.059999999999999997779,-0.080000000000000001665,71.60999999999999943,71.920000000000001705,70.51999999999999602,70.900000000000005682,1652700,6.0199999999999995736,165.31999999999999318,34.020000000000003125,'2018-07-25 07:09:54.364558');
INSERT INTO reports_stock VALUES(1218,'WYNN','Wynn Resorts Ltd',24.5,24.120000000000000994,3313116.0,2445795.0,'NASDAQ',163.56000000000000226,-0.17999999999999999333,-0.11000000000000000055,165.0,167.21000000000000796,163.0800000000000125,163.56000000000000226,2888200,27.339999999999999857,19.870000000000000994,20.499999999999999999,'2018-07-25 02:37:50.959173');
INSERT INTO reports_stock VALUES(1219,'FANG','Diamondback Energy',3.6000000000000000888,35.75999999999999801,1592173.0,1084729.9999999999999,'NASDAQ',133.44999999999998862,2.2799999999999998046,1.7399999999999999911,132.2599999999999909,134.96000000000000795,131.77000000000001023,133.44999999999998862,855800,14.478999999999999203,40.850000000000001422,104.14000000000000056,'2018-07-25 02:37:51.183345');
INSERT INTO reports_stock VALUES(1220,'NRZ','New Residential Investment Corp',0.81000000000000005329,18.019999999999999573,2958531.9999999999999,2487465.0,'NYSE',18.589999999999999857,0.080000000000000001665,0.42999999999999999333,18.5,18.620000000000000994,18.5,18.589999999999999857,3031600,13.054999999999999715,30.530000000000001136,238.68000000000000682,'2018-07-26 01:51:21.465608');
INSERT INTO reports_stock VALUES(1223,'DOC','Physicians Realty Trust',19.559999999999998721,11.410000000000000142,1684098.9999999999999,2158279.9999999999999,'NYSE',15.949999999999999289,0.089999999999999996669,0.56999999999999995115,15.849999999999999644,16.010000000000001562,15.810000000000000497,15.949999999999999289,1482300,54.399999999999998578,NULL,NULL,'2018-07-11 02:20:08.838474');
INSERT INTO reports_stock VALUES(1224,'CBOE','CBOE Global Markets Inc',33.049999999999997157,11.460000000000000852,1269335.9999999999999,677385.00000000000001,'NASDAQ',104.12999999999999544,-0.16000000000000000333,-0.14999999999999999444,104.40000000000000568,105.09999999999999431,103.35999999999999943,104.12999999999999544,562900,18.841999999999998749,12.25,118.32999999999999829,'2018-07-25 02:37:49.650834');
INSERT INTO reports_stock VALUES(1225,'SQ','Square',4.9599999999999999644,65.079999999999998292,12674961.999999999999,8424794.9999999999998,'NYSE',69.359999999999999431,-2.2400000000000002131,-3.1299999999999998934,72.569999999999993179,72.799999999999997156,68.200000000000002842,69.359999999999999431,12188100,-827.38699999999994359,167.65999999999999658,44.859999999999999433,'2018-07-25 07:09:53.895132');
INSERT INTO reports_stock VALUES(1227,'PTEN','Patterson-Uti Energy',33.85000000000000142,20.69999999999999929,3756849.9999999999999,3656319.9999999999999,'NASDAQ',18.699999999999999289,-0.089999999999999996669,-0.47999999999999998223,19.079999999999998294,19.289999999999999147,18.410000000000000142,18.699999999999999289,2187800,-19.910000000000000142,NULL,NULL,'2018-07-11 02:20:09.044877');
INSERT INTO reports_stock VALUES(1228,'SPLK','Splunk Inc',18.75,44.560000000000002272,1823279.9999999999999,1735055.0,'NASDAQ',102.43000000000000681,-2.6699999999999999289,-2.5400000000000000355,105.99999999999999999,107.06000000000000227,101.15000000000000568,102.43000000000000681,1702700,-59.783999999999998921,67.099999999999994314,37.429999999999999716,'2018-07-25 07:09:55.866477');
INSERT INTO reports_stock VALUES(1229,'NFLX','Netflix Inc',18.440000000000001278,54.039999999999999147,11228600.0,15094139.999999999999,'NASDAQ',357.31999999999999317,-5.3399999999999998578,-1.4699999999999999733,366.93999999999999772,367.39999999999997726,354.56000000000000226,357.31999999999999317,12851400,20.905000000000001137,90.150000000000005684,40.270000000000003128,'2018-07-25 07:09:55.501465');
INSERT INTO reports_stock VALUES(1230,'PE','Parsley Energy',6.5300000000000002486,32.700000000000002842,5831831.9999999999997,4035910.0,'NYSE',31.379999999999999005,0.27000000000000001776,0.86999999999999999555,31.30000000000000071,31.809999999999998721,31.149999999999998579,31.379999999999999005,2828400,15.874000000000000554,10.160000000000000142,95.530000000000001138,'2018-07-25 02:37:50.158551');
INSERT INTO reports_stock VALUES(1231,'PYPL','Paypal Holdings',1.0700000000000000621,36.979999999999996873,8694730.9999999999995,6669419.9999999999998,'NASDAQ',91.370000000000004547,-0.040000000000000000832,-0.040000000000000000832,91.129999999999995452,92.349999999999994315,91.010000000000005112,91.370000000000004547,12050400,28.609000000000001762,52.340000000000003409,23.870000000000000995,'2018-07-26 01:51:24.322848');
INSERT INTO reports_stock VALUES(1232,'EXAS','Exact Sciences Cor',13.519999999999999573,42.75999999999999801,2556426.0,1515289.9999999999999,'NASDAQ',63.070000000000000285,-2.8900000000000001243,-4.3799999999999998934,66.5,67.109999999999999432,62.710000000000000854,63.070000000000000285,1835200,-50.475000000000001419,67.239999999999994885,86.700000000000002845,'2018-07-25 07:09:55.857141');
INSERT INTO reports_stock VALUES(1234,'LRCX','Lam Research Corp',35.460000000000000853,14.490000000000000212,3542608.0,2494009.9999999999999,'NASDAQ',173.38999999999998635,-1.4499999999999999555,-0.82999999999999996003,176.18000000000000682,179.18999999999999772,173.0,173.38999999999998635,2300500,10.974000000000000198,7.9599999999999999644,34.270000000000003126,'2018-07-25 02:37:49.042005');
INSERT INTO reports_stock VALUES(1237,'MTDR','Matador Resources Company',8.8699999999999992184,32.579999999999998295,1486754.0,1637660.0,'NYSE',32.350000000000001421,0.40999999999999997557,1.2800000000000000266,32.479999999999996872,32.869999999999997442,32.210000000000000852,32.350000000000001421,1098300,10.230999999999999871,36.960000000000000851,41.810000000000002275,'2018-07-25 02:37:51.171947');
INSERT INTO reports_stock VALUES(1238,'EGN','Energen Corp',5.5400000000000000355,35.649999999999998578,1182823.0,928180.00000000000001,'NYSE',74.189999999999997727,0.4000000000000000222,0.54000000000000003552,73.700000000000002843,75.109999999999999429,73.549999999999997159,74.189999999999997727,486900,9.2140000000000004121,43.95000000000000284,47.840000000000003411,'2018-07-25 02:37:51.370382');
INSERT INTO reports_stock VALUES(1239,'HP','Helmerich & Payne',26.699999999999999289,28.80000000000000071,1537144.0,1378464.9999999999999,'NYSE',59.21000000000000085,0.30999999999999999777,0.53000000000000002664,59.460000000000000851,59.579999999999998295,58.710000000000000853,59.21000000000000085,1665000,13.477999999999999758,13.640000000000000568,42.49000000000000199,'2018-07-25 02:37:49.554500');
INSERT INTO reports_stock VALUES(1241,'PSTG','Pure Storage Inc',12.859999999999999431,47.179999999999999715,3332064.9999999999999,2371890.0,'NYSE',22.699999999999999288,-1.1000000000000000888,-4.6200000000000001065,23.980000000000000425,24.070000000000000284,22.609999999999999431,22.699999999999999288,2249200,-39.28300000000000125,75.390000000000000567,40.130000000000002557,'2018-07-25 07:09:55.718434');
INSERT INTO reports_stock VALUES(1242,'NVDA','Nvidia Corp',8.2400000000000002131,38.520000000000003126,13680663.999999999999,8026489.9999999999996,'NASDAQ',248.71000000000000795,-0.69999999999999995559,-0.28000000000000002664,251.34999999999999432,254.84999999999999431,248.0,248.71000000000000795,8865500,31.829999999999998294,50.530000000000001138,65.569999999999993177,'2018-07-25 02:37:51.206339');
INSERT INTO reports_stock VALUES(1246,'WPX','Wpx Energy Inc',4.1100000000000003197,50.630000000000002558,7280447.0000000000001,7352720.0000000000001,'NYSE',19.0,-0.34999999999999997779,-1.8100000000000000532,19.5,19.780000000000001136,18.859999999999999431,19.0,7179700,145.71000000000000795,NULL,NULL,'2018-07-11 02:20:09.281707');
INSERT INTO reports_stock VALUES(1247,'NOW','Servicenow Inc',5.9599999999999999644,43.979999999999996873,1865555.9999999999999,1590399.9999999999999,'NYSE',183.86000000000001364,-1.0500000000000000444,-0.56999999999999995115,184.56999999999999318,187.33000000000001251,183.36000000000001364,183.86000000000001364,3695600,413.81499999999999772,71.290000000000006254,37.420000000000001704,'2018-07-26 01:51:23.141917');
INSERT INTO reports_stock VALUES(1248,'FB','Facebook Inc',0.51000000000000000888,31.489999999999998437,27214856.999999999999,18459170.0,'NASDAQ',217.49999999999999999,2.830000000000000071,1.3200000000000000621,215.71000000000000796,218.62000000000000453,214.27000000000001023,217.49999999999999999,64592500,17.47599999999999909,27.05000000000000071,48.979999999999996873,'2018-07-26 01:51:23.898326');
INSERT INTO reports_stock VALUES(1249,'FOLD','Amicus Therapeutics',9.9199999999999999289,28.629999999999999004,2760190.9999999999999,2016829.9999999999999,'NASDAQ',16.030000000000001136,-0.050000000000000002775,-0.30999999999999999777,16.260000000000001563,16.699999999999999289,15.839999999999999857,16.030000000000001136,1361200,-3.6800000000000001598,NULL,NULL,'2018-07-11 02:20:09.420020');
INSERT INTO reports_stock VALUES(1250,'AMTD','TD Ameritrade HD',3.9300000000000001598,30.929999999999999715,2706329.0,2087805.0,'NASDAQ',60.630000000000002558,1.0200000000000000177,1.7099999999999999644,59.909999999999996589,60.749999999999999998,59.380000000000002558,60.630000000000002558,1826100,14.32099999999999973,29.910000000000000141,56.530000000000001137,'2018-07-26 01:51:23.003952');
INSERT INTO reports_stock VALUES(1251,'CORT','Corcept Therapeutics',65.879999999999995451,24.089999999999999857,1580989.0,1358089.9999999999999,'NASDAQ',15.650000000000000355,0.20999999999999999222,1.3600000000000000976,15.449999999999999289,15.679999999999999715,15.380000000000000782,15.650000000000000355,756300,38.409999999999996588,NULL,NULL,'2018-07-11 02:20:09.027085');
INSERT INTO reports_stock VALUES(1252,'MU','Micron Technology',21.60999999999999943,49.499999999999999998,50059613.000000000001,37070905.999999999998,'NASDAQ',53.170000000000001705,-1.1200000000000001065,-2.0600000000000000532,55.0,55.399999999999998577,52.939999999999997727,53.170000000000001705,39011400,3.9569999999999998507,67.890000000000000567,40.079999999999998292,'2018-07-25 07:09:55.821218');
INSERT INTO reports_stock VALUES(1253,'SGMO','Sangamo Therapeutics',75.15999999999999659,49.039999999999999147,2302071.0,2443109.9999999999999,'NASDAQ',15.699999999999999289,-0.25,-1.5700000000000000621,16.100000000000001421,16.199999999999999289,15.650000000000000355,15.699999999999999289,1330600,-24.05999999999999872,NULL,NULL,'2018-07-11 02:20:09.008743');
INSERT INTO reports_stock VALUES(1254,'CMC','Commercial Metals Company',19.230000000000000426,23.920000000000001705,1603033.0,962919.99999999999997,'NYSE',22.410000000000000141,0.22000000000000000111,0.98999999999999999111,22.850000000000001421,22.870000000000000994,22.359999999999999431,22.410000000000000141,1079200,14.76699999999999946,13.5,15.289999999999999147,'2018-07-25 02:37:49.210367');
INSERT INTO reports_stock VALUES(1255,'CLR','Continental Resources',14.400000000000000355,47.570000000000000283,2279522.0,1806250.0,'NYSE',61.109999999999999433,-2.7299999999999999822,-4.2800000000000002486,62.270000000000003126,62.409999999999996589,60.600000000000001421,61.109999999999999433,4342500,11.375,102.46999999999999886,66.469999999999998863,'2018-07-26 01:51:19.001217');
INSERT INTO reports_stock VALUES(1256,'HALO','Halozyme Therapeutic',24.879999999999999004,33.659999999999996589,956264.00000000000003,789915.0,'NASDAQ',17.199999999999999289,-0.010000000000000000208,-0.059999999999999997779,17.309999999999998721,17.429999999999999715,17.079999999999998294,17.199999999999999289,512500,36.119999999999997442,NULL,NULL,'2018-07-11 02:20:09.437986');
INSERT INTO reports_stock VALUES(1257,'EXPD','Expeditors Intl',5.7800000000000002486,26.489999999999998437,1268165.0,1166854.9999999999999,'NASDAQ',73.890000000000000566,0.040000000000000000832,0.050000000000000002775,74.459999999999993748,75.25,73.310000000000002272,73.890000000000000566,1465500,12.3879999999999999,26.55000000000000071,20.010000000000001563,'2018-07-25 02:37:50.133707');
INSERT INTO reports_stock VALUES(1258,'CRZO','Carrizo Oil & Gas',10.730000000000000426,61.070000000000000282,3231724.0,2220309.9999999999999,'NASDAQ',28.510000000000001563,0.089999999999999996669,0.32000000000000000666,28.440000000000001278,28.870000000000000995,28.239999999999998436,28.510000000000001563,2243000,6.8390000000000004121,90.230000000000003977,48.84000000000000341,'2018-07-25 07:09:55.490477');
INSERT INTO reports_stock VALUES(1259,'CNHI','CNH Industrial N.V.',52.679999999999999717,0.97999999999999998223,1923135.0,1826475.0,'NYSE',10.249999999999999999,-0.029999999999999998889,-0.28999999999999998001,10.169999999999999928,10.289999999999999147,10.150000000000000355,10.249999999999999999,1373600,23.219999999999998863,NULL,NULL,'2018-07-08 07:59:31.630676');
INSERT INTO reports_stock VALUES(1261,'LM','Legg Mason Inc',36.729999999999996874,1.4799999999999999822,898348.99999999999996,921425.00000000000003,'NYSE',34.469999999999998863,0.28999999999999998001,0.84999999999999997779,34.5,34.689999999999997725,33.960000000000000852,34.469999999999998863,937600,17.699999999999999289,NULL,NULL,'2018-07-06 07:51:38.170832');
INSERT INTO reports_stock VALUES(1262,'NYCB','New York Community Bancorp',29.269999999999999572,3.2000000000000001776,4840888.0,4559540.0,'NYSE',11.240000000000000213,0.17000000000000001221,1.5400000000000000355,11.099999999999999644,11.269999999999999573,10.880000000000000781,11.240000000000000213,11033300,23.129999999999999004,NULL,NULL,'2018-07-06 07:51:38.536054');
INSERT INTO reports_stock VALUES(1263,'NCLH','Norwegian Cruise Ord',31.870000000000000995,0.98999999999999999111,2029808.9999999999999,2265320.0,'NYSE',46.61999999999999744,-0.029999999999999998889,-0.059999999999999997779,46.979999999999996875,46.979999999999996875,46.159999999999996589,46.61999999999999744,2245100,17.399999999999998578,NULL,NULL,'2018-07-06 07:51:38.723434');
INSERT INTO reports_stock VALUES(1264,'ALGRU','',0.29999999999999998889,0.0,1424499.9999999999999,NULL,'NASDAQ',10.039999999999999147,-0.010000000000000000208,-0.10000000000000000555,10.060000000000000497,10.060000000000000497,10.039999999999999147,10.039999999999999147,1104000,0.0,NULL,NULL,'2018-07-06 07:51:39.039312');
INSERT INTO reports_stock VALUES(1265,'DOMO','Domo Inc.',45.10000000000000142,2.1600000000000001421,1023200.0,NULL,'NASDAQ',19.890000000000000568,-1.0500000000000000444,-5.0099999999999997868,20.949999999999999289,21.100000000000001421,19.460000000000000852,19.890000000000000568,1127400,0.0,NULL,NULL,'2018-07-11 02:06:19.723798');
INSERT INTO reports_stock VALUES(1266,'CVNA','Carvana Co. Class A',11.269999999999999573,72.849999999999994317,838210.00000000000004,1369470.0,'NYSE',44.820000000000000282,-2.3500000000000000888,-4.9800000000000004263,48.74000000000000199,49.869999999999997442,43.89999999999999858,44.820000000000000282,1678300,-16.980000000000000426,NULL,NULL,'2018-07-10 03:14:38.060097');
INSERT INTO reports_stock VALUES(1267,'CNC','Centene Corp',3.3399999999999998578,40.049999999999997156,1582030.9999999999999,1418705.0,'NYSE',131.87999999999999545,1.8799999999999998934,1.4499999999999999555,130.63999999999998635,132.87000000000000455,129.88999999999998636,131.87999999999999545,2182100,9.8780000000000001136,61.659999999999996591,18.629999999999999005,'2018-07-26 01:51:23.129955');
INSERT INTO reports_stock VALUES(1268,'CHD','Church & Dwight Company',1.75,21.410000000000000142,2285588.0,2153484.9999999999999,'BATS',54.979999999999996872,54.979999999999996872,0.0,0.0,0.0,0.0,54.979999999999996872,0,15.987000000000000099,5.9199999999999999289,14.679999999999999715,'2018-07-22 19:54:31.422678');
INSERT INTO reports_stock VALUES(1271,'KW','Kennedy-Wilson Holdings Inc',0.089999999999999996669,28.30999999999999872,970710.99999999999998,909604.99999999999999,'NYSE',22.249999999999999999,0.29999999999999998889,1.3700000000000001065,21.94999999999999929,22.269999999999999574,21.850000000000001421,22.249999999999999999,970200,176.47999999999998976,NULL,NULL,'2018-07-11 02:13:47.883841');
INSERT INTO reports_stock VALUES(1273,'MKC','Mccormick & Company Inc',0.46000000000000001998,24.589999999999999857,1071212.0,1328625.0,'NYSE',119.68000000000000681,0.29999999999999998889,0.25,119.87000000000000454,120.23000000000000397,119.18000000000000681,119.68000000000000681,1152300,26.480000000000000425,NULL,NULL,'2018-07-10 03:14:38.312313');
INSERT INTO reports_stock VALUES(1274,'NNN','National Retail Properties',0.76000000000000000888,19.070000000000000284,1026466.0,975904.99999999999998,'NYSE',44.789999999999999145,0.47999999999999998223,1.080000000000000071,44.520000000000003125,45.130000000000002557,44.380000000000002558,44.789999999999999145,1024400,14.797000000000000597,15.599999999999999644,8.0600000000000004973,'2018-07-26 01:48:02.556825');
INSERT INTO reports_stock VALUES(1278,'RUN','Sunrun Inc',11.52999999999999936,71.439999999999997727,2245459.0000000000001,2107655.0,'NASDAQ',14.740000000000000213,0.2000000000000000111,1.3799999999999998934,14.720000000000000639,15.150000000000000355,14.519999999999999573,14.740000000000000213,1432500,5.4710000000000000852,92.329999999999998296,37.350000000000001421,'2018-07-25 02:42:57.813699');
INSERT INTO reports_stock VALUES(1279,'RES','RPC Inc',79.510000000000005115,10.150000000000000355,1876443.9999999999999,2107560.0,'NYSE',15.080000000000000071,-0.56000000000000005329,-3.580000000000000071,15.759999999999999786,16.010000000000001562,14.970000000000000639,15.080000000000000071,2391100,23.269999999999999573,NULL,NULL,'2018-07-11 02:20:09.169159');
INSERT INTO reports_stock VALUES(1280,'ABR','Arbor Realty Trust',4.9199999999999999289,29.44999999999999929,1018450.0,2240799.9999999999999,'NYSE',11.169999999999999928,0.089999999999999996669,0.81000000000000005329,11.070000000000000284,11.230000000000000426,11.060000000000000496,11.169999999999999928,948700,32.656999999999996476,49.460000000000000851,31.199999999999999289,'2018-07-26 01:51:19.362645');
INSERT INTO reports_stock VALUES(1286,'PHG','Koninklijke Philips Electronics',0.020000000000000000416,19.329999999999998294,1272258.0,689915.0,'NYSE',43.969999999999998863,0.19000000000000000222,0.42999999999999999333,43.869999999999997443,43.979999999999996873,43.710000000000000853,43.969999999999998863,625600,25.489999999999998435,NULL,NULL,'2018-07-11 02:13:48.053709');
INSERT INTO reports_stock VALUES(1291,'OKE','Oneok Inc',2.6499999999999999111,29.199999999999999289,2670593.0,2126655.0,'NYSE',70.129999999999995453,-0.2000000000000000111,-0.28000000000000002664,69.760000000000005116,70.810000000000002272,69.359999999999999431,70.129999999999995453,2737700,22.079999999999998295,38.530000000000001136,26.579999999999998293,'2018-07-19 02:24:21.738485');
INSERT INTO reports_stock VALUES(1293,'SSW','Seaspan Corp',1.6100000000000000976,47.86999999999999744,1566091.0,1358074.9999999999999,'NYSE',10.55000000000000071,-0.11000000000000000055,-1.0300000000000000266,10.619999999999999218,10.720000000000000639,10.33000000000000007,10.55000000000000071,1415100,12.259999999999999786,NULL,NULL,'2018-07-10 03:14:38.416017');
INSERT INTO reports_stock VALUES(1295,'SMTA','Spirit Mta REIT',0.36999999999999999555,18.649999999999998578,760775.99999999999998,694519.99999999999998,'NYSE',10.939999999999999502,0.0,0.0,10.939999999999999502,10.980000000000000425,10.80000000000000071,10.939999999999999502,235100,0.0,NULL,NULL,'2018-07-10 03:14:38.428021');
INSERT INTO reports_stock VALUES(1296,'WPM','Wheaton Precious Metals',2.1000000000000000888,18.179999999999999715,2026016.0,1492775.0,'NYSE',22.390000000000000568,-0.28999999999999998001,-1.2800000000000000266,22.80999999999999872,22.85999999999999943,22.359999999999999431,22.390000000000000568,1416300,132.03999999999999204,NULL,NULL,'2018-07-10 03:14:38.521589');
INSERT INTO reports_stock VALUES(1297,'COUP','Coupa Software Inc',2.3599999999999998756,55.960000000000000852,811073.00000000000003,920110.00000000000001,'NASDAQ',65.730000000000003979,-1.1799999999999999378,-1.7600000000000000088,66.319999999999993179,67.269999999999996022,64.810000000000002272,65.730000000000003979,641200,-65.703000000000002954,117.49999999999999999,38.609999999999999431,'2018-07-20 06:06:45.351891');
INSERT INTO reports_stock VALUES(1298,'ISRG','Intuitive Surg Inc',0.25,42.929999999999999714,855783.00000000000003,869814.99999999999997,'NASDAQ',537.97000000000002729,14.75,2.8199999999999998401,524.79999999999995454,539.29999999999995454,524.79999999999995454,537.97000000000002729,880800,40.231999999999999316,66.120000000000004546,19.829999999999998294,'2018-07-26 01:48:04.116591');
INSERT INTO reports_stock VALUES(1299,'SGEN','Seattle Genetics Inc',1.5200000000000000177,36.130000000000002558,1020582.0,824995.00000000000003,'NASDAQ',70.939999999999997725,1.2299999999999999822,1.7600000000000000088,69.849999999999994315,72.019999999999996021,69.150000000000005685,70.939999999999997725,926800,-44.02799999999999869,27.879999999999999006,28.829999999999998294,'2018-07-26 01:48:04.643756');
INSERT INTO reports_stock VALUES(1302,'VRSK','Verisk Analytics Inc',0.11000000000000000055,31.019999999999999574,869233.0,618394.99999999999997,'NASDAQ',114.48000000000000397,1.65999999999999992,1.4699999999999999733,112.87000000000000454,114.60999999999999943,112.14000000000000057,114.48000000000000397,547000,18.704000000000000625,29.399999999999998578,15.640000000000000568,'2018-07-26 01:48:04.820684');
INSERT INTO reports_stock VALUES(1304,'MET','Metlife Inc',27.850000000000001421,1.4599999999999999644,6398406.9999999999998,6545040.0000000000001,'NYSE',43.729999999999996872,0.17000000000000001221,0.39000000000000001332,43.340000000000003408,43.960000000000000854,43.090000000000003412,43.729999999999996872,3900100,17.379999999999999005,NULL,NULL,'2018-07-08 07:59:31.648487');
INSERT INTO reports_stock VALUES(1305,'DAN','Dana Inc',73.060000000000002275,4.4699999999999997513,1622687.9999999999999,1630104.9999999999999,'NYSE',20.379999999999999006,-0.040000000000000000832,-0.2000000000000000111,20.460000000000000853,20.510000000000001563,20.10000000000000142,20.379999999999999006,1837900,11.980000000000000426,NULL,NULL,'2018-07-07 04:31:37.985415');
INSERT INTO reports_stock VALUES(1306,'A','Agilent Technologies',20.399999999999998579,6.5300000000000002486,2716225.0,2986310.0,'NYSE',62.289999999999999145,0.48999999999999999111,0.79000000000000003552,61.920000000000001705,62.399999999999998579,61.649999999999998577,62.289999999999999145,2269600,25.460000000000000853,NULL,NULL,'2018-07-07 04:34:45.426791');
INSERT INTO reports_stock VALUES(1308,'TNTR','Tintri Inc',3625.0,35.0,1735772.0,5257569.9999999999999,'NASDAQ',0.2000000000000000111,-0.040000000000000000832,-16.670000000000001705,0.23999999999999999111,0.23999999999999999111,0.19000000000000000222,0.2000000000000000111,3258000,-1.3100000000000000532,NULL,NULL,'2018-07-07 04:37:44.946004');
INSERT INTO reports_stock VALUES(1309,'GOOGL','Alphabet Class A',0.17999999999999999333,28.010000000000001563,2079566.9999999999999,1863900.0,'NASDAQ',1275.9400000000000545,17.789999999999999147,1.40999999999999992,1252.6199999999998908,1278.2400000000000091,1249.0499999999999545,1275.9400000000000545,2575400,20.106000000000001648,26.030000000000001136,25.559999999999998721,'2018-07-26 01:48:03.527381');
INSERT INTO reports_stock VALUES(1310,'AMD','Adv Micro Devices',4.080000000000000071,45.740000000000001988,60154460.999999999999,48840104.999999999998,'NASDAQ',16.660000000000000142,0.16000000000000000333,0.96999999999999997335,16.469999999999998863,16.679999999999999716,15.890000000000000568,16.660000000000000142,44940800,19.978999999999999204,17.660000000000000142,39.810000000000002272,'2018-07-24 04:13:03.826556');
INSERT INTO reports_stock VALUES(1311,'SEDG','Solaredge Tech',31.850000000000001421,61.750000000000000001,1007375.0,1271175.0,'BATS',53.649999999999998579,53.649999999999998579,0.0,0.0,0.0,0.0,53.649999999999998579,0,16.079999999999998294,NULL,NULL,'2018-07-08 20:02:42.777446');
INSERT INTO reports_stock VALUES(1312,'CGC','Canopy Growth Corp',21.670000000000001704,80.030000000000001136,1825642.0,3986674.9999999999999,'BATS',30.039999999999999146,30.039999999999999146,0.0,0.0,0.0,0.0,30.039999999999999146,0,0.0,NULL,NULL,'2018-07-08 20:07:19.733236');
INSERT INTO reports_stock VALUES(1313,'FDX','Fedex Corp',20.320000000000000284,11.009999999999999786,1782869.9999999999999,2162890.0,'BATS',228.27000000000001022,228.27000000000001022,0.0,0.0,0.0,0.0,228.27000000000001022,0,12.679999999999999715,NULL,NULL,'2018-07-08 20:10:41.193234');
INSERT INTO reports_stock VALUES(1314,'XOG','Extraction Oil & Gas Inc',13.859999999999999431,32.810000000000002274,1735651.0,1654874.9999999999999,'NASDAQ',15.30000000000000071,0.23000000000000000999,1.5300000000000000266,15.310000000000000497,15.679999999999999715,15.060000000000000497,15.30000000000000071,1824100,-149.81000000000000227,NULL,NULL,'2018-07-11 02:20:09.131932');
INSERT INTO reports_stock VALUES(1315,'HPE','Hewlett Packard Enterprise Comp',25.679999999999999714,17.350000000000001421,12475528.999999999999,11168709.999999999999,'NYSE',15.499999999999999999,0.27000000000000001776,1.7700000000000000177,15.240000000000000213,15.52999999999999936,15.199999999999999289,15.499999999999999999,12151300,35.25999999999999801,NULL,NULL,'2018-07-11 02:20:09.017490');
INSERT INTO reports_stock VALUES(1316,'ACN','Accenture Plc',0.52000000000000001776,25.339999999999999857,2282474.9999999999999,2440299.9999999999999,'NYSE',168.06999999999999317,0.42999999999999999333,0.26000000000000000888,167.08000000000001249,168.94999999999998863,166.99999999999999999,168.06999999999999317,2315300,18.609999999999999431,35.070000000000000283,12.5,'2018-07-18 02:06:40.806206');
INSERT INTO reports_stock VALUES(1317,'AR','Antero Resources Corp',1.4799999999999999822,27.05999999999999872,3278943.9999999999998,2539489.9999999999999,'NYSE',22.359999999999999431,-0.080000000000000001665,-0.35999999999999998667,22.609999999999999431,22.690000000000001278,22.140000000000000569,22.359999999999999431,1839400,14.169999999999999928,NULL,NULL,'2018-07-11 02:13:44.985412');
INSERT INTO reports_stock VALUES(1322,'CXP','Columbia Property Trust Inc',0.56000000000000005329,15.730000000000000426,777274.99999999999998,649975.00000000000002,'NYSE',23.19999999999999929,-0.040000000000000000832,-0.17000000000000001221,23.30000000000000071,23.329999999999998295,22.999999999999999999,23.19999999999999929,385900,75.569999999999993177,NULL,NULL,'2018-07-10 03:14:38.080740');
INSERT INTO reports_stock VALUES(1323,'EQNR','Equinor ASA',0.5,41.149999999999998579,1722632.0,1043309.9999999999999,'NYSE',27.920000000000001704,0.29999999999999998889,1.0900000000000000799,27.890000000000000567,28.059999999999998721,27.80999999999999872,27.920000000000001704,728200,6.9800000000000004263,NULL,NULL,'2018-07-11 02:13:47.663858');
INSERT INTO reports_stock VALUES(1325,'GDDY','Godaddy Inc',2.5200000000000000177,48.009999999999998011,1589497.9999999999999,1344425.0,'NYSE',78.439999999999997725,-1.1000000000000000888,-1.3799999999999998934,80.0,80.420000000000001708,77.989999999999994884,78.439999999999997725,2448600,27.330999999999999517,82.430000000000006824,29.300000000000000709,'2018-07-25 02:27:12.297948');
INSERT INTO reports_stock VALUES(1326,'HES','Hess Corp',9.3499999999999996447,42.75,4155675.0,3199755.0,'NYSE',65.060000000000002273,0.81999999999999995115,1.2800000000000000266,64.840000000000003409,65.890000000000000569,64.239999999999994884,65.060000000000002273,3505600,-6.6959999999999997299,48.670000000000001707,10.849999999999999644,'2018-07-25 02:42:57.846088');
INSERT INTO reports_stock VALUES(1328,'KEM','Kemet Corp',1.5700000000000000621,53.280000000000001135,1380759.0,1450274.9999999999999,'NYSE',29.390000000000000568,-0.23000000000000000999,-0.78000000000000002664,29.5,29.850000000000001421,29.190000000000001279,29.390000000000000568,1457500,3.0899999999999998578,68.620000000000004546,58.350000000000001422,'2018-07-20 05:27:46.992903');
INSERT INTO reports_stock VALUES(1329,'LADR','Ladder Capital Corp',1.1799999999999999378,19.370000000000000994,1258774.0,717760.0,'NYSE',16.109999999999999431,0.17000000000000001221,1.0700000000000000621,15.970000000000000639,16.190000000000001278,15.970000000000000639,16.109999999999999431,933100,31.227000000000000312,31.800000000000000709,103.18000000000000682,'2018-07-24 01:25:38.155891');
INSERT INTO reports_stock VALUES(1331,'NOV','National-Oilwell',1.4799999999999999822,34.039999999999999147,3060747.9999999999999,2455434.9999999999999,'NYSE',45.329999999999998293,0.33000000000000001554,0.72999999999999998223,45.420000000000001704,45.999999999999999999,44.929999999999999716,45.329999999999998293,2207800,-54.799999999999997159,NULL,NULL,'2018-07-11 02:13:48.609102');
INSERT INTO reports_stock VALUES(1334,'CRM','Salesforce.Com Inc',0.32000000000000000666,41.390000000000000566,5365969.0,4542044.9999999999999,'NYSE',148.87000000000000454,2.8700000000000001065,1.9699999999999999733,146.12999999999999545,149.34999999999999431,146.0,148.87000000000000454,4267900,60.167999999999999261,62.820000000000000284,25.410000000000000142,'2018-07-26 01:51:23.014661');
INSERT INTO reports_stock VALUES(1335,'TDOC','Teladoc Inc',6.580000000000000071,59.189999999999997727,1135685.0,1390789.9999999999999,'NYSE',66.900000000000005686,3.2000000000000001776,5.0199999999999995736,64.900000000000005683,67.450000000000002843,64.450000000000002842,66.900000000000005686,3349400,-38.399999999999998578,83.569999999999993178,103.25,'2018-07-26 01:51:23.885507');
INSERT INTO reports_stock VALUES(1337,'LULU','Lululemon Athletica',6.1100000000000003197,54.00999999999999801,2004640.0,1408474.9999999999999,'NASDAQ',122.98000000000000398,-2.3900000000000001243,-1.90999999999999992,125.93000000000000681,126.39000000000000056,122.40000000000000568,122.98000000000000398,1689100,18.132999999999999118,98.290000000000006252,24.870000000000000994,'2018-07-25 07:09:55.435252');
INSERT INTO reports_stock VALUES(1338,'ONB','Old National Bncp',3.0099999999999997868,22.910000000000000142,880272.99999999999999,972735.0,'NASDAQ',19.949999999999999289,-0.25,-1.2399999999999999911,20.30000000000000071,20.550000000000000709,19.850000000000001421,19.949999999999999289,1159600,23.091999999999998749,24.230000000000000426,14.970000000000000639,'2018-07-25 02:27:16.666804');
INSERT INTO reports_stock VALUES(1340,'AROC','Archrock Inc',2.6899999999999999467,36.539999999999999147,1787581.0,1748009.9999999999999,'NYSE',12.999999999999999999,-0.14999999999999999444,-1.1399999999999999023,12.949999999999999289,13.349999999999999644,12.820000000000000284,12.999999999999999999,1131000,45.999999999999999999,24.640000000000000569,NULL,'2018-07-12 03:19:58.589096');
INSERT INTO reports_stock VALUES(1341,'ASH','Ashland Global Holdings Inc',1.6000000000000000888,27.030000000000001137,871442.99999999999999,494995.00000000000001,'NYSE',81.950000000000002842,-0.5,-0.60999999999999998667,82.939999999999997727,83.260000000000005115,81.859999999999999431,81.950000000000002842,1046400,13.442999999999999616,25.640000000000000568,20.839999999999999857,'2018-07-25 02:27:11.426572');
INSERT INTO reports_stock VALUES(1342,'BC','Brunswick Corp',1.7199999999999999733,29.789999999999999147,894844.99999999999996,1014720.0,'NYSE',68.420000000000001706,-0.32000000000000000666,-0.46999999999999997335,69.439999999999997724,69.599999999999994314,68.239999999999994884,68.420000000000001706,489600,13.759999999999999786,NULL,NULL,'2018-07-11 02:13:46.448626');
INSERT INTO reports_stock VALUES(1343,'COP','Conocophillips',2.4300000000000001598,40.350000000000001421,6903722.9999999999998,5741460.0000000000001,'NYSE',70.849999999999994314,0.86999999999999999555,1.2399999999999999911,70.700000000000002842,71.540000000000006251,70.370000000000004548,70.849999999999994314,4709100,12.622999999999999331,67.370000000000004546,15.310000000000000497,'2018-07-25 07:09:55.831708');
INSERT INTO reports_stock VALUES(1344,'CVA','Covanta Holding Corp',0.86999999999999999555,24.280000000000001136,809572.99999999999999,673480.0,'NYSE',17.30000000000000071,-0.10000000000000000555,-0.56999999999999995115,17.399999999999998578,17.449999999999999289,17.149999999999998578,17.30000000000000071,550100,53.100000000000001421,40.039999999999999146,NULL,'2018-07-14 01:18:39.376107');
INSERT INTO reports_stock VALUES(1345,'DAR','Darling International Inc',1.3899999999999999023,22.80999999999999872,1000230.9999999999999,910269.99999999999996,'NYSE',20.079999999999998295,-0.010000000000000000208,-0.050000000000000002775,20.280000000000001137,20.35999999999999943,19.969999999999998863,20.079999999999998295,578800,1.5400000000000000355,NULL,NULL,'2018-07-11 02:13:47.260770');
INSERT INTO reports_stock VALUES(1346,'KDP','Keurig Dr Pepper Inc.',420.55000000000001135,15.910000000000000142,3092311.9999999999999,10322200.0,'NYSE',24.329999999999998294,0.020000000000000000416,0.080000000000000001665,24.640000000000000569,24.730000000000000425,24.329999999999998294,24.329999999999998294,4131700,16.794000000000000483,67.200000000000002843,5.5599999999999996092,'2018-07-26 01:51:21.132725');
INSERT INTO reports_stock VALUES(1347,'MRO','Marathon Oil Corp',9.0600000000000004973,49.399999999999998578,12865770.999999999999,12038574.999999999999,'NYSE',20.85000000000000142,0.39000000000000001332,1.90999999999999992,20.609999999999999431,21.050000000000000711,20.469999999999998862,20.85000000000000142,6548600,6.7949999999999999289,77.780000000000001137,61.659999999999996591,'2018-07-25 07:09:55.695914');
INSERT INTO reports_stock VALUES(1348,'NYT','New York Times Company',0.75,36.399999999999998578,2324613.0,1939815.0,'NYSE',26.649999999999998579,0.34999999999999997779,1.330000000000000071,26.199999999999999289,26.850000000000001421,26.199999999999999289,26.649999999999998579,1492800,26.749999999999999999,NULL,NULL,'2018-07-11 02:13:48.976779');
INSERT INTO reports_stock VALUES(1349,'NBL','Noble Energy Inc',7.0300000000000002486,34.840000000000003409,4662547.0,3923109.9999999999999,'NYSE',35.280000000000001137,0.69999999999999995559,2.0200000000000000177,35.030000000000001136,35.820000000000000283,34.789999999999999147,35.280000000000001137,3132900,37.930999999999997385,24.5,24.129999999999999006,'2018-07-25 02:42:59.627493');
INSERT INTO reports_stock VALUES(1351,'QEP','Qep Resources',2.9900000000000002131,47.49000000000000199,5669926.9999999999999,3912780.0,'NYSE',13.369999999999999217,0.17999999999999999333,1.3600000000000000976,13.439999999999999502,13.769999999999999573,13.339999999999999858,13.369999999999999217,5648700,34.950000000000002841,NULL,NULL,'2018-07-11 02:13:50.016184');
INSERT INTO reports_stock VALUES(1352,'SM','Sm Energy Company',6.080000000000000071,54.179999999999999714,3326931.0,2086400.0,'NYSE',26.820000000000000285,0.27000000000000001776,1.0200000000000000177,26.60999999999999943,27.10000000000000142,26.510000000000001562,26.820000000000000285,1863800,6.7900000000000000355,61.890000000000000568,106.46999999999999886,'2018-07-25 02:45:10.393509');
INSERT INTO reports_stock VALUES(1354,'RIG','Transocean Inc',1.8500000000000000888,48.859999999999999429,14395136.0,12711555.0,'NYSE',14.080000000000000071,0.33000000000000001554,2.3999999999999999111,13.960000000000000852,14.339999999999999858,13.849999999999999644,14.080000000000000071,13148200,-3.3100000000000000532,NULL,NULL,'2018-07-11 02:13:51.024459');
INSERT INTO reports_stock VALUES(1357,'V','Visa Inc',0.089999999999999996669,30.940000000000001279,7842515.0,7232255.0,'NYSE',142.63999999999998635,2.6099999999999998756,1.8600000000000000976,140.34000000000000341,142.77000000000001023,139.90000000000000568,142.63999999999998635,8386600,18.626000000000001222,40.46000000000000085,13.310000000000000497,'2018-07-26 01:48:03.146762');
INSERT INTO reports_stock VALUES(1358,'VVC','Vectren Corp',0.38000000000000000444,19.539999999999999147,789348.99999999999999,619745.0,'NYSE',71.439999999999997727,0.059999999999999997779,0.080000000000000001665,71.400000000000005684,71.709999999999993747,71.400000000000005684,71.439999999999997727,674700,23.329999999999998295,NULL,NULL,'2018-07-11 02:13:51.793014');
INSERT INTO reports_stock VALUES(1359,'BMRN','Biomarin Pharmaceut',0.52000000000000001776,27.05000000000000071,1348529.9999999999999,1243034.9999999999999,'NASDAQ',103.9200000000000017,1.1899999999999999467,1.15999999999999992,102.26000000000000511,104.45999999999999374,102.21999999999999886,103.9200000000000017,878400,-1115.2899999999999635,18.109999999999999431,16.850000000000001421,'2018-07-18 02:06:42.555493');
INSERT INTO reports_stock VALUES(1360,'COST','Costco Wholesale',0.050000000000000002775,32.00999999999999801,2255480.9999999999999,1798205.0,'NASDAQ',220.69999999999998863,2.1200000000000001065,0.96999999999999997335,217.61000000000001364,220.81999999999999317,217.37000000000000455,220.69999999999998863,1562400,14.666000000000000369,46.640000000000000567,12.130000000000000781,'2018-07-26 01:48:03.791433');
INSERT INTO reports_stock VALUES(1361,'DXCM','Dexcom',0.78000000000000002664,59.270000000000003124,1154668.0,922364.99999999999998,'NASDAQ',104.64000000000000056,1.9299999999999999378,1.8799999999999998934,102.99999999999999999,105.45999999999999374,102.12000000000000455,104.64000000000000056,942600,-115.51000000000000511,40.920000000000001706,NULL,'2018-07-13 01:36:23.683459');
INSERT INTO reports_stock VALUES(1362,'ILMN','Illumina Inc',0.25,46.079999999999998296,848079.99999999999999,739555.00000000000001,'NASDAQ',315.82999999999998407,7.1900000000000003907,2.330000000000000071,307.99999999999999999,316.61000000000001364,307.87000000000000455,315.82999999999998407,594100,34.789999999999999147,77.39000000000000057,30.769999999999999573,'2018-07-26 01:48:04.033440');
INSERT INTO reports_stock VALUES(1363,'HEAR','Turtle Beach Corp',13.039999999999999147,93.819999999999993175,1476345.9999999999999,1443854.9999999999999,'NASDAQ',26.539999999999999147,-2.1400000000000001243,-7.4599999999999999644,29.440000000000001278,30.0,25.260000000000001562,26.539999999999999147,4272300,4.3159999999999998365,807.59000000000003179,184.87999999999999545,'2018-07-25 02:27:17.292953');
INSERT INTO reports_stock VALUES(1373,'CAG','Conagra Brands Inc',9.3200000000000002842,10.839999999999999858,3649194.9999999999999,7050290.0,'NYSE',36.070000000000000284,0.010000000000000000208,0.029999999999999998889,35.899999999999998578,36.170000000000001704,35.740000000000001988,36.070000000000000284,3961900,20.429999999999999716,11.140000000000000568,NULL,'2018-07-14 03:23:14.594534');
INSERT INTO reports_stock VALUES(1380,'DK','Delek US Holdings',27.899999999999998579,57.100000000000001422,1704639.9999999999999,1474744.9999999999999,'NYSE',48.140000000000000568,-0.19000000000000000222,-0.39000000000000001332,48.820000000000000283,49.740000000000001989,47.619999999999997443,48.140000000000000568,1685200,8.2859999999999995878,84.750000000000000003,99.049999999999997161,'2018-07-25 02:45:41.416486');
INSERT INTO reports_stock VALUES(1424,'ETSY','Etsy Inc',9.8399999999999998578,67.489999999999994882,2635219.0,1707760.0,'NASDAQ',41.770000000000003124,-1.4599999999999999644,-3.3799999999999998934,43.539999999999999145,43.770000000000003127,41.020000000000003126,41.770000000000003124,1995300,36.898000000000003239,188.27000000000001022,24.789999999999999147,'2018-07-25 07:09:53.872748');
INSERT INTO reports_stock VALUES(1425,'ANF','Abercrombie & Fitch Company',19.670000000000001705,62.990000000000001987,2797985.0,1759954.9999999999999,'NYSE',24.399999999999998578,-1.6200000000000001065,-6.2300000000000004263,26.190000000000001278,26.5,24.100000000000001421,24.399999999999998578,2746800,4.6730000000000000426,174.40000000000000567,10.560000000000000497,'2018-07-25 07:09:53.882604');
INSERT INTO reports_stock VALUES(1426,'WTW','Weight Watchers International Inc',14.919999999999999928,64.620000000000004545,1741042.9999999999999,1206280.0,'NYSE',91.999999999999999998,-1.330000000000000071,-1.4299999999999999378,94.569999999999993182,96.469999999999998859,91.329999999999998292,91.999999999999999998,1330700,17.248000000000001108,135.16999999999998749,24.05999999999999872,'2018-07-25 07:09:54.431124');
INSERT INTO reports_stock VALUES(1427,'AAXN','Axon Inc',5.830000000000000071,71.530000000000001137,1054111.0,671635.00000000000002,'NASDAQ',72.239999999999994885,-2.6499999999999999111,-3.5400000000000000355,75.25,76.45000000000000284,70.780000000000001135,72.239999999999994885,1193600,59.283999999999998919,195.18999999999999772,27.730000000000000425,'2018-07-25 07:09:53.861400');
INSERT INTO reports_stock VALUES(1428,'WLL','Whiting Petroleum Corp',10.960000000000000852,68.799999999999997156,4679359.9999999999998,2933645.0,'NYSE',50.890000000000000569,1.1000000000000000888,2.2099999999999999644,50.210000000000000854,51.71000000000000085,49.979999999999996872,50.890000000000000569,2054900,-12.163999999999999702,155.99000000000000909,38.719999999999998863,'2018-07-25 07:09:54.391705');
INSERT INTO reports_stock VALUES(1429,'URBN','Urban Outfitters Inc',6.7999999999999998223,63.070000000000000285,2327973.9999999999999,1436845.0,'NASDAQ',45.170000000000001703,-1.2900000000000000355,-2.7799999999999998046,46.950000000000002842,47.329999999999998296,45.119999999999997443,45.170000000000001703,1521100,9.7170000000000005258,158.56000000000000227,12.410000000000000142,'2018-07-25 07:09:54.378739');
INSERT INTO reports_stock VALUES(1432,'FIVE','Five Below Inc',10.619999999999999218,53.810000000000002273,1339502.9999999999999,980634.99999999999999,'NASDAQ',98.62000000000000455,-2.6200000000000001065,-2.5899999999999998578,101.76999999999999602,101.98000000000000397,96.829999999999998294,98.62000000000000455,1381900,18.775999999999999801,116.21999999999999886,27.239999999999998437,'2018-07-25 07:09:54.458270');
INSERT INTO reports_stock VALUES(1433,'MTCH','Match Group Inc CS',27.519999999999999573,52.820000000000000284,2363966.9999999999999,1827505.0,'NASDAQ',38.149999999999998578,-0.71999999999999997335,-1.8500000000000000888,39.030000000000001137,39.939999999999997726,38.09000000000000341,38.149999999999998578,2100300,31.736999999999998323,104.34000000000000341,36.35000000000000142,'2018-07-25 07:09:54.642789');
INSERT INTO reports_stock VALUES(1435,'PBF','PBF Energy Inc',17.920000000000001705,55.0,2135737.9999999999999,1673939.9999999999999,'NYSE',43.240000000000001988,0.61999999999999999555,1.4499999999999999555,42.920000000000001704,43.759999999999998009,42.789999999999999147,43.240000000000001988,1662400,4.1079999999999996518,105.18000000000000682,22.05000000000000071,'2018-07-25 07:09:54.629428');
INSERT INTO reports_stock VALUES(1436,'GES','Guess Inc',18.429999999999999715,45.740000000000001988,1426345.0,606270.0,'NYSE',22.079999999999998295,-0.8000000000000000444,-3.5,23.019999999999999572,23.210000000000000851,21.929999999999999714,22.079999999999998295,580200,12.0129999999999999,91.14000000000000057,14.730000000000000425,'2018-07-25 07:09:55.479996');
INSERT INTO reports_stock VALUES(1437,'NRG','NRG Energy',12.150000000000000354,26.980000000000000427,5502197.0000000000001,4106554.9999999999999,'NYSE',31.359999999999999431,0.16000000000000000333,0.51000000000000000888,31.170000000000001704,31.829999999999998294,31.160000000000000141,31.359999999999999431,5050800,201.22599999999999909,23.980000000000000425,1.6399999999999999023,'2018-07-26 01:51:23.108789');
INSERT INTO reports_stock VALUES(1438,'CPRT','Copart Inc',5.330000000000000071,46.909999999999996587,2011273.0,4497835.0000000000001,'NASDAQ',57.369999999999997442,-0.89000000000000001332,-1.5300000000000000266,58.64000000000000057,58.719999999999998863,57.060000000000002272,57.369999999999997442,2259300,19.571000000000001506,80.349999999999994317,27.910000000000000142,'2018-07-25 07:09:55.527498');
INSERT INTO reports_stock VALUES(1439,'KORS','Michael Kors Holdings Ltd',4.0400000000000000355,50.429999999999999714,2414952.0,1991050.0,'NYSE',67.280000000000001136,-0.34999999999999997779,-0.52000000000000001776,68.040000000000006251,69.819999999999993178,67.079999999999998295,67.280000000000001136,2818700,10.409000000000000696,92.719999999999998859,10.769999999999999573,'2018-07-25 07:09:55.467474');
INSERT INTO reports_stock VALUES(1444,'ADBE','Adobe Systems Inc',0.13000000000000000444,45.299999999999997156,2901153.0,2478069.9999999999999,'NASDAQ',263.17000000000001591,5.6799999999999997157,2.2099999999999999644,258.35000000000002274,263.49999999999999999,257.82999999999998408,263.17000000000001591,2345900,41.371999999999999886,72.200000000000002843,23.879999999999999005,'2018-07-26 01:48:03.493319');
INSERT INTO reports_stock VALUES(1447,'FTNT','Fortinet Inc',3.0600000000000000532,46.909999999999996587,1581384.9999999999999,1134699.9999999999999,'NASDAQ',66.750000000000000001,-1.4699999999999999733,-2.1499999999999999111,68.670000000000001707,68.790000000000006254,66.150000000000005683,66.750000000000000001,1444600,39.426000000000001933,68.239999999999994884,17.149999999999998578,'2018-07-25 02:27:16.050523');
INSERT INTO reports_stock VALUES(1448,'X','United States Steel Corp',30.410000000000000142,39.939999999999997726,11762001.999999999999,8360379.9999999999998,'NYSE',36.530000000000001137,1.0,2.8100000000000000532,35.75,36.579999999999998293,35.490000000000001989,36.530000000000001137,6485200,13.060000000000000497,68.249999999999999998,NULL,'2018-07-12 03:14:45.334466');
INSERT INTO reports_stock VALUES(1450,'MA','Mastercard Inc',0.059999999999999997779,40.909999999999996588,3710258.0,2921750.0,'NYSE',214.15999999999999659,4.580000000000000071,2.1899999999999999467,209.99999999999999999,214.28000000000000113,209.65000000000000568,214.15999999999999659,4997600,24.440000000000001278,62.75,30.940000000000001279,'2018-07-26 01:48:02.510563');
INSERT INTO reports_stock VALUES(1453,'DATA','Tableau Software Inc Class A',3.7900000000000000355,41.40999999999999659,842694.99999999999996,519350.00000000000001,'NYSE',108.31999999999999317,-3.3999999999999999111,-3.0400000000000000355,112.03000000000000114,112.4200000000000017,107.56999999999999318,108.31999999999999317,560000,-44.368999999999999771,73.340000000000003408,23.160000000000000141,'2018-07-25 07:09:55.740800');
INSERT INTO reports_stock VALUES(1455,'LTRPA','Liberty Tripadv A',0.5500000000000000444,56.229999999999996872,779432.0,606244.99999999999998,'NASDAQ',18.05000000000000071,0.14999999999999999444,0.83999999999999996891,17.899999999999998579,18.149999999999998578,17.719999999999998863,18.05000000000000071,329900,-0.38000000000000000444,54.979999999999996872,33.990000000000001989,'2018-07-19 02:20:55.894594');
INSERT INTO reports_stock VALUES(1471,'BUFF','Blue Buffalo Pet',0.36999999999999999555,46.219999999999998863,2982289.9999999999999,3588124.9999999999999,'NASDAQ',40.0,0.029999999999999998889,0.080000000000000001665,39.969999999999998863,40.009999999999998009,39.899999999999998579,40.0,6505600,20.599000000000000198,66.530000000000001137,14.189999999999999502,'2018-07-25 07:09:55.900382');
INSERT INTO reports_stock VALUES(1474,'MCO','Moody''s Corp',0.28000000000000002664,32.479999999999996872,759357.99999999999999,698904.99999999999999,'NYSE',187.02000000000001023,1.3899999999999999023,0.75,185.53999999999999204,187.11000000000001364,185.02000000000001023,187.02000000000001023,656800,16.512000000000000455,40.469999999999998864,15.539999999999999147,'2018-07-26 01:50:57.185555');
INSERT INTO reports_stock VALUES(1475,'PANW','Palo Alto Networks Inc',1.5900000000000000799,41.390000000000000566,1439504.9999999999999,1201365.0,'NYSE',215.94999999999998862,-2.3700000000000001065,-1.0900000000000000799,218.47999999999998977,219.37999999999999545,214.81000000000000226,215.94999999999998862,902000,-66.329999999999998292,52.65999999999999659,NULL,'2018-07-14 01:18:43.129926');
INSERT INTO reports_stock VALUES(1476,'PLNT','Planet Fitness',0.46000000000000001998,55.35999999999999943,1079305.9999999999999,914179.99999999999998,'NYSE',50.399999999999998577,0.67000000000000003996,1.3500000000000000888,49.770000000000003126,50.630000000000002558,49.490000000000001988,50.399999999999998577,688700,8.8780000000000001136,119.32999999999999829,33.179999999999999714,'2018-07-26 01:48:02.585447');
INSERT INTO reports_stock VALUES(1479,'WCN','Waste Connections Inc',1.1000000000000000888,18.850000000000001421,787690.99999999999998,702250.0,'NYSE',78.209999999999993748,2.7099999999999999644,3.5899999999999998578,74.26999999999999602,79.06999999999999318,73.939999999999997727,78.209999999999993748,1731500,16.123999999999998778,17.5,4.4800000000000004263,'2018-07-26 01:48:03.236563');
INSERT INTO reports_stock VALUES(1480,'ATVI','Activision Blizzard',0.17000000000000001221,29.710000000000000852,6103234.9999999999999,4794704.9999999999999,'NASDAQ',81.499999999999999996,0.13000000000000000444,0.16000000000000000333,81.400000000000005684,81.640000000000000571,79.920000000000001707,81.499999999999999996,4550900,37.189999999999997725,29.489999999999998436,NULL,'2018-07-14 01:18:46.698578');
INSERT INTO reports_stock VALUES(1486,'GDS','Gds Holdings Ltd',1.25,81.359999999999999429,1002773.9999999999999,1096874.9999999999999,'NASDAQ',45.609999999999999431,1.6100000000000000976,3.6600000000000001421,45.140000000000000566,46.179999999999999716,43.439999999999997725,45.609999999999999431,978300,238.05000000000001137,374.13999999999998636,NULL,'2018-07-13 01:36:29.910755');
INSERT INTO reports_stock VALUES(1487,'INFO','IHS Markit Ltd',0.070000000000000006661,21.679999999999999716,2055629.9999999999999,1850700.0,'NASDAQ',54.140000000000000567,0.73999999999999999111,1.3899999999999999023,53.399999999999998578,54.179999999999999714,53.049999999999997157,54.140000000000000567,1170700,21.184999999999998721,16.739999999999998436,11.27999999999999936,'2018-07-26 01:48:04.017165');
INSERT INTO reports_stock VALUES(1489,'IRDM','Iridium Comm Inc',5.5700000000000002842,46.070000000000000282,965673.99999999999999,917419.99999999999998,'NASDAQ',17.949999999999999289,-0.10000000000000000555,-0.5500000000000000444,18.100000000000001421,18.199999999999999289,17.739999999999998437,17.949999999999999289,806500,12.053000000000000824,67.909999999999996591,14.099999999999999645,'2018-07-25 02:37:09.705784');
INSERT INTO reports_stock VALUES(1490,'MSFT','Microsoft Corp',0.28999999999999998001,35.689999999999997726,30068433.999999999999,26239350.0,'NASDAQ',110.82999999999999829,3.1699999999999999289,2.9399999999999999467,107.95999999999999375,111.15000000000000568,107.59999999999999431,110.82999999999999829,30798000,15.807999999999999829,49.560000000000002272,15.539999999999999147,'2018-07-26 01:48:04.146136');
INSERT INTO reports_stock VALUES(1492,'TNDM','Tandem Diabetes Care',9.0199999999999995736,91.930000000000006822,2025263.0,2294915.0,'NASDAQ',26.510000000000001562,-1.6200000000000001065,-5.7599999999999997868,28.449999999999999289,28.899999999999998578,25.519999999999999572,26.510000000000001562,3384300,-4.5019999999999997797,332.69999999999998862,43.74000000000000199,'2018-07-25 02:27:17.211300');
INSERT INTO reports_stock VALUES(1494,'VRTX','Vertex Pharmaceutic',0.44000000000000000222,30.079999999999998295,1704505.0,1788469.9999999999999,'NASDAQ',182.59000000000000341,1.3700000000000001065,0.76000000000000000888,180.58000000000001251,183.38999999999998635,179.81999999999999317,182.59000000000000341,1133300,301.02999999999997271,40.25,19.609999999999999431,'2018-07-18 02:06:43.116090');
INSERT INTO reports_stock VALUES(1501,'TRGP','Targa Resources',1.8000000000000000444,24.300000000000000709,2094015.9999999999999,2015859.9999999999999,'NYSE',52.299999999999997159,0.54000000000000003552,1.0400000000000000355,52.890000000000000567,53.240000000000001988,52.070000000000000285,52.299999999999997159,2696000,20.54299999999999926,21.420000000000001705,24.410000000000000141,'2018-07-20 05:27:47.114057');
INSERT INTO reports_stock VALUES(1502,'TWLO','Twilio',2.2000000000000001776,63.649999999999998579,2205154.9999999999999,2153499.9999999999999,'NYSE',63.960000000000000854,-1.0400000000000000355,-1.6000000000000000888,65.0,65.370000000000004548,63.439999999999997725,63.960000000000000854,1906400,-31.719999999999998862,113.45999999999999374,44.340000000000003412,'2018-07-19 02:20:53.569574');
INSERT INTO reports_stock VALUES(1503,'VFC','V.F. Corp',2.2200000000000001953,35.59000000000000341,2418165.0,2040615.0,'NYSE',91.480000000000003977,-0.79000000000000003552,-0.85999999999999998667,92.5,92.840000000000003407,91.400000000000005684,91.480000000000003977,2100100,18.373999999999998777,60.649999999999998578,21.800000000000000709,'2018-07-25 02:42:59.835399');
INSERT INTO reports_stock VALUES(1504,'WAB','Wabtec Corp',0.14000000000000001332,36.899999999999998578,800451.00000000000001,809355.00000000000003,'NYSE',109.6700000000000017,2.6200000000000001065,2.4500000000000001776,107.40999999999999659,109.81999999999999317,107.40999999999999659,109.6700000000000017,1553000,17.440999999999998948,21.839999999999999858,15.30000000000000071,'2018-07-26 01:51:22.626219');
INSERT INTO reports_stock VALUES(1506,'ZEN','Zendesk Inc',4.6699999999999999289,57.520000000000003127,1316953.0,1259459.9999999999999,'NYSE',59.070000000000000284,-2.0400000000000000355,-3.3399999999999998578,61.829999999999998294,61.829999999999998294,58.380000000000002559,59.070000000000000284,1190700,-57.652999999999998692,102.89000000000000056,38.240000000000001988,'2018-07-25 02:27:13.845357');
INSERT INTO reports_stock VALUES(1507,'ALDR','Alder Biopharma',1.8200000000000000621,55.320000000000000284,1398264.9999999999999,1094825.0,'NASDAQ',19.25,0.69999999999999995559,3.7700000000000000177,18.649999999999998578,19.600000000000001421,18.399999999999998578,19.25,838900,-2.330000000000000071,57.200000000000002843,NULL,'2018-07-14 01:18:47.180473');
INSERT INTO reports_stock VALUES(1509,'CDW','CDW Corp',1.1200000000000001065,32.969999999999998862,841738.00000000000001,769880.00000000000001,'NASDAQ',87.379999999999995452,0.2000000000000000111,0.23000000000000000999,87.329999999999998296,88.359999999999999428,87.099999999999994319,87.379999999999995452,945200,11.861000000000000653,37.960000000000000853,10.060000000000000497,'2018-07-20 06:06:46.555251');
INSERT INTO reports_stock VALUES(1510,'ERI','Eldorado Resorts',1.3000000000000000444,59.140000000000000567,790273.99999999999999,1083649.9999999999999,'NASDAQ',46.25,0.6500000000000000222,1.4299999999999999378,45.450000000000002841,46.850000000000001421,45.10000000000000142,46.25,1999900,48.469999999999998862,136.27000000000001022,NULL,'2018-07-14 01:18:48.149569');
INSERT INTO reports_stock VALUES(1511,'HDS','HD Supply Hlds Cmm',0.61999999999999999555,33.469999999999998862,1909030.0,1873995.0,'NASDAQ',44.960000000000000853,0.040000000000000000832,0.089999999999999996669,44.740000000000001989,45.240000000000001991,44.740000000000001989,44.960000000000000853,1221000,6.1749999999999998223,43.829999999999998292,23.260000000000001564,'2018-07-20 05:27:47.339882');
INSERT INTO reports_stock VALUES(1513,'IQ','Iqiyi Inc. ADR',36.170000000000001704,54.929999999999999716,19093734.0,39205684.0,'BATS',33.950000000000002842,33.950000000000002842,0.0,0.0,0.0,0.0,33.950000000000002842,0,0.0,118.32999999999999829,NULL,'2018-07-14 18:37:33.929788');
INSERT INTO reports_stock VALUES(1515,'AAPL','Apple Inc',0.020000000000000000416,24.390000000000000568,31032313.0,17786045.0,'NASDAQ',194.81999999999999317,1.8200000000000000621,0.9399999999999999467,193.06000000000000227,194.84999999999999431,192.43000000000000681,194.81999999999999317,16826400,12.016000000000000014,27.940000000000001279,15.58000000000000007,'2018-07-26 01:51:23.189218');
INSERT INTO reports_stock VALUES(1517,'VMW','Vmware Inc',7.1799999999999997157,41.049999999999997159,2453745.0000000000001,2152939.9999999999999,'NYSE',153.94999999999998863,-1.15999999999999992,-0.75,155.0099999999999909,155.68999999999999772,153.84000000000000341,153.94999999999998863,1440800,27.179999999999999715,70.35999999999999943,12.330000000000000071,'2018-07-19 02:27:51.914077');
INSERT INTO reports_stock VALUES(1519,'BDX','Becton Dickinson and Company',0.14999999999999999444,23.739999999999998436,1251923.0,861610.0,'NYSE',251.15999999999999658,2.6800000000000001598,1.080000000000000071,246.65999999999999659,251.53999999999999204,246.0,251.15999999999999658,793200,37.279000000000003466,22.379999999999999004,42.200000000000002843,'2018-07-26 01:48:01.290136');
INSERT INTO reports_stock VALUES(1523,'VR','Validus Holdings',0.010000000000000000208,39.479999999999996873,1189041.0,536324.99999999999999,'NYSE',67.989999999999994884,0.34000000000000002442,0.5,67.950000000000002841,68.000000000000000001,67.950000000000002841,67.989999999999994884,1659200,-12.310000000000000496,32.990000000000001989,16.010000000000001562,'2018-07-18 02:06:42.174125');
INSERT INTO reports_stock VALUES(1526,'INTU','Intuit Inc',1.6999999999999999555,38.09000000000000341,1403778.9999999999999,1130284.9999999999999,'NASDAQ',215.80000000000001136,-1.5900000000000000799,-0.72999999999999998223,218.15000000000000569,219.46000000000000795,215.34000000000000341,215.80000000000001136,966400,26.074999999999999289,61.049999999999997159,15.109999999999999431,'2018-07-25 02:27:16.144391');
INSERT INTO reports_stock VALUES(1533,'CMG','Chipotle Mexican Grill',4.8399999999999998578,45.310000000000002274,1027693.9999999999999,685685.0,'NYSE',452.54000000000002045,0.47999999999999998223,0.11000000000000000055,451.29000000000002047,459.77999999999997269,448.52999999999997272,452.54000000000002045,531700,29.719999999999998862,15.320000000000000284,10.080000000000000071,'2018-07-18 03:09:37.718783');
INSERT INTO reports_stock VALUES(1534,'QSR','Restaurant Brands International',7.6600000000000001421,17.030000000000001137,1787483.9999999999999,1496645.0,'NYSE',63.990000000000001991,0.77000000000000001776,1.2199999999999999733,64.530000000000001135,64.540000000000006252,63.310000000000002272,63.990000000000001991,1438700,13.119999999999999218,6.6100000000000003197,10.380000000000000782,'2018-07-18 03:09:38.956823');
INSERT INTO reports_stock VALUES(1536,'AMT','American Tower Corp',9.2200000000000006394,8.3000000000000007105,2471278.9999999999999,2074034.9999999999998,'NYSE',142.16999999999998749,0.40999999999999997557,0.28999999999999998001,141.80000000000001136,142.2599999999999909,140.90999999999999658,142.16999999999998749,2995000,39.780000000000001136,6.8899999999999996802,11.130000000000000781,'2018-07-18 03:09:39.082452');
INSERT INTO reports_stock VALUES(1538,'TEL','Te Connectivity Ltd',17.210000000000000852,16.449999999999999289,1715990.0,1562824.9999999999999,'NYSE',92.340000000000003414,1.080000000000000071,1.1799999999999999378,91.010000000000005112,92.5,90.349999999999994317,92.340000000000003414,1898100,15.919999999999999928,13.849999999999999644,10.240000000000000213,'2018-07-18 03:09:39.285831');
INSERT INTO reports_stock VALUES(1544,'DLR','Digital Realty Trust',9.0399999999999991473,17.239999999999998436,1314157.9999999999999,1176359.9999999999999,'NYSE',116.68000000000000682,1.40999999999999992,1.2199999999999999733,114.93000000000000681,117.29999999999999716,114.93000000000000681,116.68000000000000682,1273100,25.047000000000000595,7.5499999999999998223,15.650000000000000355,'2018-07-20 06:06:46.059930');
INSERT INTO reports_stock VALUES(1545,'BLDR','Builders Firstsource',27.280000000000001136,21.320000000000000283,1113503.9999999999999,791629.99999999999999,'NASDAQ',18.289999999999999147,-0.029999999999999998889,-0.16000000000000000333,18.280000000000001136,18.339999999999999857,18.030000000000001136,18.289999999999999147,627600,15.140000000000000568,14.359999999999999431,10.740000000000000212,'2018-07-19 02:24:19.635235');
INSERT INTO reports_stock VALUES(1548,'ADMS','Adamas Pharma',61.530000000000001137,50.439999999999997727,825915.99999999999997,490374.99999999999999,'NASDAQ',27.239999999999998437,-0.14000000000000001332,-0.51000000000000000888,27.219999999999998862,27.710000000000000852,26.940000000000001278,27.239999999999998437,214200,-8.9299999999999997157,60.609999999999999431,686.89999999999997726,'2018-07-18 03:09:40.515004');
INSERT INTO reports_stock VALUES(1556,'AVT','Avnet Inc',1.3600000000000000976,19.390000000000000568,925206.99999999999997,981494.99999999999999,'NASDAQ',44.250000000000000001,0.42999999999999999333,0.97999999999999998223,43.799999999999997156,44.499999999999999998,43.499999999999999999,44.250000000000000001,830700,11.890000000000000568,11.77999999999999936,11.080000000000000071,'2018-07-19 02:24:23.400825');
INSERT INTO reports_stock VALUES(1559,'DPZ','Domino''s Pizza Inc',8.1199999999999992184,38.640000000000000568,798564.0,677830.0,'NYSE',271.74999999999999999,-5.4199999999999999289,-1.9599999999999999644,276.7699999999999818,276.80000000000001137,271.19999999999998862,271.74999999999999999,690500,24.370999999999998664,30.769999999999999573,23.989999999999998437,'2018-07-24 01:25:37.231629');
INSERT INTO reports_stock VALUES(1565,'EXR','Extra Space Storage Inc',7.1900000000000003907,21.739999999999998435,1038277.9999999999999,1092629.9999999999999,'NYSE',95.120000000000004547,0.72999999999999998223,0.77000000000000001776,94.549999999999997154,95.540000000000006256,93.819999999999993175,95.120000000000004547,739800,18.405999999999998806,25.260000000000001562,19.920000000000001705,'2018-07-20 06:06:46.300889');
INSERT INTO reports_stock VALUES(1570,'MELI','Mercadolibre Inc',13.150000000000000355,41.229999999999996872,769677.0,753590.0,'NASDAQ',369.35000000000002273,9.5500000000000007105,2.6499999999999999111,360.23000000000001818,377.66000000000002501,359.69999999999998862,369.35000000000002273,2050700,244.65999999999999659,24.440000000000001278,51.539999999999999147,'2018-07-19 02:24:20.325849');
INSERT INTO reports_stock VALUES(1571,'CONE','Cyrusone Inc',4.3499999999999996447,30.960000000000000852,1138660.9999999999999,1082690.0,'NASDAQ',62.990000000000001987,1.1899999999999999467,1.9299999999999999378,61.829999999999998294,63.149999999999998578,61.679999999999999714,62.990000000000001987,598500,20.18499999999999872,12.140000000000000568,84.290000000000006256,'2018-07-20 06:06:45.275295');
INSERT INTO reports_stock VALUES(1576,'JBHT','J B Hunt Transport',8.4900000000000002131,26.850000000000001421,960111.99999999999998,1033104.9999999999999,'NASDAQ',121.43000000000000682,-0.13000000000000000444,-0.11000000000000000055,121.68000000000000681,122.57999999999999829,120.82999999999999829,121.43000000000000682,1152600,21.960000000000000851,30.660000000000000141,12.810000000000000497,'2018-07-19 02:24:23.711170');
INSERT INTO reports_stock VALUES(1578,'ABT','Abbott Laboratories',3.4399999999999999467,24.120000000000000994,6284777.9999999999998,5169054.9999999999999,'BATS',63.320000000000000285,63.320000000000000285,0.0,0.0,0.0,0.0,63.320000000000000285,0,20.390000000000000567,27.030000000000001137,16.649999999999998579,'2018-07-22 19:54:40.008467');
INSERT INTO reports_stock VALUES(1585,'TJX','TJX Companies',1.1399999999999999023,31.510000000000001562,3893837.0,2710265.0,'NYSE',97.010000000000005115,-0.5500000000000000444,-0.56000000000000005329,97.879999999999995454,97.879999999999995454,96.530000000000001133,97.010000000000005115,2435900,10.82099999999999973,48.439999999999997725,11.619999999999999218,'2018-07-25 02:36:44.987958');
INSERT INTO reports_stock VALUES(1587,'ALGN','Align Technology I',1.9899999999999999911,58.789999999999999146,1038629.0,751629.99999999999998,'NASDAQ',377.5,2.1200000000000001065,0.56000000000000005329,375.50000000000000001,384.99999999999999999,368.7400000000000091,377.5,722100,44.771000000000000795,132.87999999999999544,40.789999999999999149,'2018-07-24 01:10:52.336854');
INSERT INTO reports_stock VALUES(1590,'NTRS','Northern Trust Corp',0.95999999999999996447,23.239999999999998436,1121086.9999999999999,988004.99999999999998,'NASDAQ',111.62999999999999545,0.72999999999999998223,0.66000000000000003108,110.98999999999999487,112.70000000000000284,110.65000000000000568,111.62999999999999545,1229000,-7.4880000000000004334,28.320000000000000284,15.060000000000000497,'2018-07-25 02:27:16.580424');
INSERT INTO reports_stock VALUES(1592,'TXRH','Texas Roadhouse Inc',4.5400000000000000355,34.659999999999996588,754847.0,544035.00000000000001,'NASDAQ',67.780000000000001137,-0.11999999999999999555,-0.17999999999999999333,68.060000000000002275,69.239999999999994884,67.269999999999996022,67.780000000000001137,607700,13.51699999999999946,36.490000000000001989,10.570000000000000284,'2018-07-26 01:51:23.503517');
INSERT INTO reports_stock VALUES(1595,'VIRT','Virtu Financial Cm A',42.560000000000002273,50.659999999999996587,1021657.0,1191909.9999999999999,'NASDAQ',26.55000000000000071,0.050000000000000002775,0.19000000000000000222,26.5,26.600000000000001421,26.070000000000000284,26.55000000000000071,528000,28.789999999999999146,69.480000000000003979,155.09999999999999431,'2018-07-19 02:24:20.068342');
INSERT INTO reports_stock VALUES(1596,'HUN','Huntsman Corp',17.019999999999999573,20.530000000000001136,2822293.0,2550984.9999999999999,'NYSE',30.839999999999999857,-0.020000000000000000416,-0.059999999999999997779,31.260000000000001563,31.399999999999998578,30.690000000000001278,30.839999999999999857,1458500,6.4169999999999998152,15.859999999999999431,18.789999999999999147,'2018-07-25 02:45:06.372751');
INSERT INTO reports_stock VALUES(1598,'NDAQ','Nasdaq Inc',0.63000000000000000444,27.269999999999999574,971029.00000000000003,830309.99999999999996,'NASDAQ',95.590000000000003412,1.1399999999999999023,1.2099999999999999644,94.519999999999996017,95.650000000000005686,94.400000000000005686,95.590000000000003412,528400,15.980000000000000425,34.670000000000001706,10.429999999999999716,'2018-07-19 02:24:20.669275');
INSERT INTO reports_stock VALUES(1602,'TWTR','Twitter Inc',10.339999999999999857,63.820000000000000283,30398796.999999999999,25750538.999999999999,'NYSE',43.310000000000002272,-0.11000000000000000055,-0.25,43.450000000000002843,43.85000000000000142,42.399999999999998579,43.310000000000002272,15251100,41.901000000000003355,116.54999999999999715,21.269999999999999573,'2018-07-24 04:05:56.203976');
INSERT INTO reports_stock VALUES(1611,'PGR','Progressive Corp',9.0600000000000004973,26.600000000000001421,3524928.0,3733985.0,'NYSE',59.390000000000000568,-0.19000000000000000222,-0.32000000000000000666,59.640000000000000569,59.829999999999998296,59.179999999999999714,59.390000000000000568,3128100,13.811999999999999388,30.070000000000000283,17.530000000000001136,'2018-07-25 02:49:17.961481');
INSERT INTO reports_stock VALUES(1612,'SCHW','The Charles Schwab Corp',13.75,28.109999999999999431,6752817.0,6272064.9999999999999,'NYSE',52.939999999999997727,0.080000000000000001665,0.14999999999999999444,52.829999999999998293,53.109999999999999431,52.460000000000000853,52.939999999999997727,5442800,14.85800000000000054,26.30000000000000071,15.230000000000000426,'2018-07-26 01:51:24.539113');
INSERT INTO reports_stock VALUES(1615,'MOS','Mosaic Company',3.2000000000000001776,33.74000000000000199,4427888.0000000000001,3152060.0,'NYSE',29.019999999999999573,0.64000000000000001332,2.2599999999999997868,29.44999999999999929,29.850000000000001421,28.879999999999999005,29.019999999999999573,7300200,9.8849999999999997868,18.719999999999998863,22.530000000000001136,'2018-07-25 02:42:58.471880');
INSERT INTO reports_stock VALUES(1616,'MSCI','MSCI Inc',0.050000000000000002775,39.780000000000001136,790302.99999999999997,462390.00000000000001,'NYSE',176.25,3.6699999999999999289,2.1299999999999998934,173.0,176.3300000000000125,173.0,176.25,529100,20.879999999999999005,60.859999999999999432,16.640000000000000568,'2018-07-26 01:51:23.168274');
INSERT INTO reports_stock VALUES(1617,'NFX','Newfield Exploration Company',22.559999999999998721,20.890000000000000569,3730268.9999999999999,2584874.9999999999999,'NYSE',28.719999999999998863,-0.13000000000000000444,-0.4500000000000000111,28.320000000000000284,28.80000000000000071,27.980000000000000426,28.719999999999998863,3925300,16.039999999999999147,7.25,20.370000000000000994,'2018-07-19 02:24:24.083376');
INSERT INTO reports_stock VALUES(1623,'TXN','Texas Instruments',6.6500000000000003552,29.690000000000001278,5462913.9999999999999,4304009.9999999999998,'NASDAQ',113.21999999999999886,-0.57999999999999996003,-0.51000000000000000888,113.40000000000000568,114.39000000000000056,110.03000000000000113,113.21999999999999886,8222100,14.208000000000000184,44.049999999999997156,11.380000000000000781,'2018-07-26 01:51:20.410554');
INSERT INTO reports_stock VALUES(1626,'KEYS','Keysight Technologies Inc Comm',2.4500000000000001776,35.640000000000000568,1065621.9999999999999,750029.99999999999999,'NYSE',60.920000000000001706,0.20999999999999999222,0.34999999999999997779,60.799999999999997158,61.179999999999999716,60.649999999999998578,60.920000000000001706,679800,23.34100000000000108,45.25999999999999801,20.10000000000000142,'2018-07-20 06:06:45.644510');
INSERT INTO reports_stock VALUES(1629,'DHR','Danaher Corp',4.7300000000000004263,22.039999999999999146,2443276.0000000000001,2669724.9999999999999,'BATS',101.29000000000000625,101.29000000000000625,0.0,0.0,0.0,0.0,101.29000000000000625,0,16.660000000000000142,22.780000000000001137,11.640000000000000568,'2018-07-22 19:54:29.265325');
INSERT INTO reports_stock VALUES(1632,'POST','Post Holdings Inc',2.2200000000000001953,19.260000000000001563,791086.99999999999999,493779.99999999999999,'NYSE',87.519999999999996019,-0.5,-0.56999999999999995115,88.329999999999998291,88.500000000000000003,87.239999999999994885,87.519999999999996019,419600,13.204000000000000625,7.1799999999999997157,26.339999999999999858,'2018-07-25 02:37:24.933481');
INSERT INTO reports_stock VALUES(1634,'IDTI','Integrated Devices',1.0200000000000000177,34.740000000000001989,1323986.0,975664.99999999999996,'NASDAQ',35.350000000000001421,0.23000000000000000999,0.6500000000000000222,35.280000000000001137,35.710000000000000851,35.130000000000002557,35.350000000000001421,1260600,22.602000000000000313,33.700000000000002841,15.730000000000000426,'2018-07-20 05:27:47.349779');
INSERT INTO reports_stock VALUES(1636,'URI','United Rentals',28.929999999999999715,27.999999999999999999,1370760.9999999999999,1465500.0,'NYSE',147.93999999999999772,-1.3799999999999998934,-0.92000000000000003996,150.81999999999999317,151.87999999999999545,146.31999999999999317,147.93999999999999772,1476900,6.5170000000000003481,26.129999999999999004,18.410000000000000142,'2018-07-25 02:37:49.736906');
INSERT INTO reports_stock VALUES(1639,'EL','Estee Lauder Companies',12.560000000000000497,31.410000000000000142,1854485.9999999999999,1786424.9999999999999,'BATS',141.0800000000000125,141.0800000000000125,0.0,0.0,0.0,0.0,141.0800000000000125,0,22.149000000000000909,45.990000000000001989,17.960000000000000853,'2018-07-22 19:54:34.068846');
INSERT INTO reports_stock VALUES(1646,'WRD','Wildhorse Resour',33.170000000000001705,53.499999999999999999,1050409.9999999999999,1574039.9999999999999,'NYSE',22.280000000000001136,-0.48999999999999999111,-2.1499999999999999111,22.410000000000000141,22.730000000000000425,21.969999999999998863,22.280000000000001136,1002800,42.250999999999997668,80.700000000000002842,278.04000000000002046,'2018-07-20 06:06:45.475476');
INSERT INTO reports_stock VALUES(1650,'HRTX','Heron Therapeutics',10.0,63.079999999999998294,1278556.0,1339889.9999999999999,'BATS',39.0,39.0,0.0,0.0,0.0,0.0,39.0,0,-8.5129999999999999005,130.77000000000001023,218.46999999999999885,'2018-07-22 19:54:38.368389');
INSERT INTO reports_stock VALUES(1652,'PTCT','Ptc Therapeutics',33.579999999999998294,63.270000000000003125,1144610.0,957980.00000000000002,'NASDAQ',39.640000000000000569,0.17999999999999999333,0.46000000000000001998,40.229999999999996873,40.890000000000000569,39.460000000000000851,39.640000000000000569,1114100,-36.904000000000003467,83.109999999999999431,111.18000000000000681,'2018-07-25 02:42:59.447542');
INSERT INTO reports_stock VALUES(1654,'MS','Morgan Stanley',18.120000000000000994,12.789999999999999147,9792564.0000000000002,10852079.999999999999,'BATS',50.270000000000003128,50.270000000000003128,0.0,0.0,0.0,0.0,50.270000000000003128,0,17.437000000000001165,9.7300000000000004263,13.669999999999999928,'2018-07-22 19:54:29.183025');
INSERT INTO reports_stock VALUES(1655,'MCHP','Microchip Technology',11.730000000000000426,16.010000000000001562,2692009.9999999999999,1706394.9999999999999,'NASDAQ',93.260000000000005115,-0.9399999999999999467,-1.0,94.87000000000000455,95.620000000000004549,93.000000000000000001,93.260000000000005115,1449900,15.317999999999999616,18.899999999999998578,11.039999999999999147,'2018-07-25 02:49:13.738200');
INSERT INTO reports_stock VALUES(1657,'PAYC','Paycom Software Inc',6.1799999999999997157,42.179999999999999715,767231.0,890050.0,'NYSE',111.56000000000000227,0.42999999999999999333,0.39000000000000001332,111.87000000000000454,112.6700000000000017,110.51000000000000511,111.56000000000000227,465400,56.637000000000000455,60.310000000000002274,30.379999999999999006,'2018-07-20 06:06:46.290764');
INSERT INTO reports_stock VALUES(1658,'JPM','JP Morgan Chase & Co',7.2300000000000004263,20.85000000000000142,15122037.0,15126103.999999999999,'BATS',111.28000000000000113,111.28000000000000113,0.0,0.0,0.0,0.0,111.28000000000000113,0,10.314000000000000057,24.55999999999999872,11.900000000000000355,'2018-07-22 19:54:37.071008');
INSERT INTO reports_stock VALUES(1662,'MNST','Monster Beverage Cp',14.830000000000000071,22.129999999999999005,3153517.0,2171565.0,'NASDAQ',61.14000000000000057,0.11000000000000000055,0.17999999999999999333,61.159999999999996589,61.560000000000002274,60.719999999999998861,61.14000000000000057,1905800,25.096000000000000084,17.059999999999998721,11.77999999999999936,'2018-07-20 06:06:46.131009');
INSERT INTO reports_stock VALUES(1664,'AA','Alcoa Corp',44.630000000000002559,17.559999999999998721,4115685.0,4333429.9999999999998,'NYSE',43.109999999999999431,0.61999999999999999555,1.4599999999999999644,42.100000000000001422,43.240000000000001988,41.640000000000000567,43.109999999999999431,5664900,5.1289999999999995594,12.650000000000000355,16.379999999999999005,'2018-07-26 01:51:23.924318');
INSERT INTO reports_stock VALUES(1668,'SHAK','Shake Shack Inc',7.5,53.820000000000000283,939914.99999999999995,917664.99999999999997,'NYSE',65.230000000000003977,-2.9599999999999999644,-4.3399999999999998578,68.340000000000003408,68.620000000000004546,64.959999999999993745,65.230000000000003977,807900,8.3499999999999996447,96.969999999999998861,29.140000000000000567,'2018-07-25 03:15:14.455449');
INSERT INTO reports_stock VALUES(1675,'COF','Capital One Financial Corp',7.6200000000000001065,22.210000000000000852,2437675.0,2243624.9999999999999,'NYSE',98.95999999999999375,-0.39000000000000001332,-0.39000000000000001332,100.0,100.28000000000000113,98.540000000000006249,98.95999999999999375,3389000,11.156000000000000582,16.100000000000001421,15.230000000000000426,'2018-07-25 02:46:54.003595');
INSERT INTO reports_stock VALUES(1676,'FLT','Fleetcor Technologies',0.16000000000000000333,38.630000000000002557,811375.00000000000004,713274.99999999999999,'NYSE',225.55000000000001137,4.0400000000000000355,1.8200000000000000621,220.66999999999998749,225.91999999999998749,219.52000000000001023,225.55000000000001137,765800,16.147999999999999686,47.179999999999999715,12.5,'2018-07-26 01:48:01.786900');
INSERT INTO reports_stock VALUES(1678,'GPC','Genuine Parts Company',10.080000000000000071,18.410000000000000142,912414.00000000000003,875025.00000000000002,'NYSE',97.879999999999995454,-0.6899999999999999467,-0.69999999999999995559,99.010000000000005114,99.560000000000002272,97.299999999999997159,97.879999999999995454,1187500,12.907000000000000028,24.249999999999999999,17.429999999999999715,'2018-07-25 02:47:36.922261');
INSERT INTO reports_stock VALUES(1684,'FITB','Fifth Third Bncp',18.210000000000000852,15.919999999999999928,6094248.0000000000001,6982455.0000000000001,'NASDAQ',29.329999999999998294,0.14000000000000001332,0.47999999999999998223,29.300000000000000709,29.629999999999999005,29.129999999999999006,29.329999999999998294,6449500,10.855999999999999871,12.939999999999999502,36.179999999999999716,'2018-07-25 02:46:47.467705');
INSERT INTO reports_stock VALUES(1688,'SIX','Six Flags Entertainment Corp',8.9399999999999995026,23.920000000000001705,983035.00000000000004,1036284.9999999999999,'NYSE',67.359999999999999433,-0.28000000000000002664,-0.40999999999999997557,67.799999999999997156,67.959999999999993747,66.689999999999997727,67.359999999999999433,1718300,13.843999999999999417,27.489999999999998436,29.579999999999998295,'2018-07-24 01:29:06.726063');
INSERT INTO reports_stock VALUES(1696,'DE','Deere & Company',25.329999999999998293,19.289999999999999147,2715818.9999999999999,2557220.0,'NYSE',139.8400000000000034,4.3099999999999996092,3.1800000000000001598,136.87000000000000454,141.99000000000000909,135.3300000000000125,139.8400000000000034,5146200,12.663999999999999701,9.0,29.359999999999999431,'2018-07-26 01:53:51.061672');
INSERT INTO reports_stock VALUES(1697,'ETFC','E*Trade Finl Corp',8.6300000000000007815,36.060000000000002272,2669136.0000000000001,2666629.9999999999999,'NASDAQ',61.179999999999999716,1.1399999999999999023,1.8999999999999999111,59.880000000000002556,61.759999999999998011,59.390000000000000568,61.179999999999999716,4294900,10.323999999999999843,44.740000000000001989,28.030000000000001136,'2018-07-26 01:51:21.861689');
INSERT INTO reports_stock VALUES(1698,'UMPQ','Umpqua Holdings Corp',9.5500000000000007105,26.190000000000001278,1958736.0,2047529.9999999999999,'NASDAQ',22.719999999999998863,0.52000000000000001776,2.3399999999999998578,22.140000000000000569,22.739999999999998437,22.120000000000000993,22.719999999999998863,2278100,12.967999999999999972,23.030000000000001136,12.869999999999999218,'2018-07-24 01:25:33.318497');
INSERT INTO reports_stock VALUES(1708,'BURL','Burlington Stores Inc',0.59999999999999997779,49.960000000000000853,925798.99999999999997,686334.99999999999998,'NYSE',158.0099999999999909,3.3599999999999998756,2.1699999999999999289,154.71000000000000796,158.96000000000000795,154.71000000000000796,158.0099999999999909,850600,14.442999999999999616,82.329999999999998296,12.759999999999999786,'2018-07-24 01:10:49.589757');
INSERT INTO reports_stock VALUES(1711,'TIF','Tiffany & Co',0.14000000000000001332,38.240000000000001988,1664911.9999999999999,1202649.9999999999999,'NYSE',139.49999999999999999,1.5700000000000000621,1.1399999999999999023,137.99000000000000909,139.68999999999999772,137.81999999999999317,139.49999999999999999,1416900,12.019000000000000128,50.770000000000003125,14.849999999999999644,'2018-07-26 01:48:03.113872');
INSERT INTO reports_stock VALUES(1722,'ANET','Arista Networks Inc',17.039999999999999146,46.759999999999998011,1064531.0,567889.99999999999999,'NYSE',266.30000000000001137,-2.0899999999999998578,-0.78000000000000002664,270.38999999999998634,272.19999999999998862,262.98000000000001819,266.30000000000001137,587400,31.786999999999999034,72.909999999999996591,40.840000000000003408,'2018-07-25 02:42:58.029295');
INSERT INTO reports_stock VALUES(1727,'CE','Celanese Corp',3.8799999999999998934,20.030000000000001136,866891.99999999999998,1024145.0,'NYSE',113.98000000000000397,-0.14999999999999999444,-0.13000000000000000444,114.1700000000000017,114.23999999999999488,112.68000000000000682,113.98000000000000397,1167500,9.8109999999999999431,17.820000000000000284,22.120000000000000993,'2018-07-26 01:51:23.178507');
INSERT INTO reports_stock VALUES(1729,'JEC','Jacobs Engineering Group Inc',9.1699999999999999289,25.420000000000001704,1186222.0,875934.99999999999998,'NYSE',66.120000000000004546,0.029999999999999998889,0.050000000000000002775,65.849999999999994314,66.560000000000002274,65.62999999999999545,66.120000000000004546,946700,16.539000000000001477,27.969999999999998862,70.900000000000005682,'2018-07-24 01:25:34.883408');
INSERT INTO reports_stock VALUES(1733,'IIVI','I I V I Inc',18.219999999999998863,24.160000000000000142,760833.0,456844.99999999999999,'NASDAQ',44.899999999999998579,0.050000000000000002775,0.11000000000000000055,45.25,45.799999999999997158,44.450000000000002842,44.899999999999998579,375100,12.993999999999999772,10.880000000000000781,20.30999999999999872,'2018-07-25 02:47:44.644911');
INSERT INTO reports_stock VALUES(1738,'PHM','Pultegroup',16.820000000000000284,20.440000000000001279,4690602.9999999999998,4115814.9999999999999,'NYSE',30.140000000000000568,-0.68000000000000004884,-2.2099999999999999644,30.449999999999999289,30.940000000000001279,29.960000000000000853,30.140000000000000568,5706900,10.794000000000000483,27.739999999999998437,20.870000000000000993,'2018-07-26 01:53:23.556107');
INSERT INTO reports_stock VALUES(1740,'AKAM','Akamai Technologies',4.8700000000000001065,43.64000000000000057,1903674.0,1750715.0,'NASDAQ',79.219999999999998864,-0.53000000000000002664,-0.66000000000000003108,79.900000000000005683,80.0,79.030000000000001137,79.219999999999998864,1700900,18.309999999999998721,52.280000000000001136,11.400000000000000355,'2018-07-25 02:42:58.256220');
INSERT INTO reports_stock VALUES(1741,'TWO','Two Harbors Investments Corp',7.8799999999999998934,11.220000000000000639,1834801.9999999999999,1481224.9999999999999,'NYSE',15.599999999999999644,-0.23999999999999999111,-1.5200000000000000177,15.650000000000000355,15.669999999999999929,15.519999999999999573,15.599999999999999644,1755000,35.118999999999999772,35.679999999999999714,503.39999999999997725,'2018-07-25 02:42:59.617829');
INSERT INTO reports_stock VALUES(1763,'XPO','Xpo Logistics Inc',16.359999999999999431,45.25,1542452.9999999999999,1224050.0,'NYSE',99.250000000000000001,-3.8100000000000000532,-3.7000000000000001776,104.23000000000000398,104.5900000000000034,97.930000000000006817,99.250000000000000001,1918000,13.156000000000000582,63.369999999999997442,18.420000000000001705,'2018-07-25 07:11:19.416808');
INSERT INTO reports_stock VALUES(1765,'CHGG','Chegg Inc',0.91000000000000003108,55.329999999999998293,1318644.0,858885.00000000000001,'NYSE',29.570000000000000284,0.71999999999999997335,2.5,28.80000000000000071,29.839999999999999857,28.690000000000001278,29.570000000000000284,1049000,394.58800000000002227,105.76999999999999601,22.920000000000001704,'2018-07-26 01:48:01.637628');
INSERT INTO reports_stock VALUES(1766,'HCLP','Hi-Crush Partners LP',1.6999999999999999555,50.679999999999999714,1768014.9999999999999,2224470.0,'NYSE',14.699999999999999289,0.84999999999999997779,6.1399999999999996802,13.349999999999999644,14.849999999999999644,13.30000000000000071,14.699999999999999289,4425800,6.0069999999999996731,80.659999999999996587,161.63999999999998636,'2018-07-26 01:51:24.427624');
INSERT INTO reports_stock VALUES(1771,'NBIX','Neurocrine Bioscienc',0.98999999999999999111,56.50999999999999801,776414.99999999999998,548059.99999999999998,'NASDAQ',108.07999999999999829,2.3399999999999998578,2.2099999999999999644,105.79999999999999716,109.15000000000000568,105.49999999999999999,108.07999999999999829,804900,-98.465000000000003407,113.18999999999999772,373.910000000000025,'2018-07-26 01:51:19.931009');
INSERT INTO reports_stock VALUES(1774,'VICI','Vici Properties Inc',12.259999999999999786,14.160000000000000142,2934541.0,1960264.9999999999999,'NYSE',20.480000000000000426,-0.11999999999999999555,-0.57999999999999996003,20.660000000000000141,20.69999999999999929,20.480000000000000426,20.480000000000000426,1147100,NULL,13.449999999999999289,4996.329999999999927,'2018-07-25 02:42:57.218324');
INSERT INTO reports_stock VALUES(1775,'PBCT','People''s United Finl',9.9299999999999997157,13.349999999999999644,3018287.0,2660065.0,'NASDAQ',18.429999999999999715,-0.17000000000000001221,-0.91000000000000003108,18.339999999999999857,18.739999999999998436,18.339999999999999857,18.429999999999999715,3399500,19.611000000000000653,9.330000000000000071,15.77999999999999936,'2018-07-25 02:42:57.695497');
INSERT INTO reports_stock VALUES(1776,'CCI','Crown Castle International Corp',5.5499999999999998223,9.25,2713844.0,2283219.9999999999999,'NYSE',108.9200000000000017,0.93000000000000004884,0.85999999999999998667,108.37999999999999544,109.43000000000000682,107.78000000000000113,108.9200000000000017,2158500,25.039999999999999146,13.189999999999999502,27.850000000000001421,'2018-07-26 01:51:20.266013');
INSERT INTO reports_stock VALUES(1779,'NUE','Nucor Corp',3.9199999999999999289,23.809999999999998721,2612189.0,2099784.9999999999999,'NYSE',67.81999999999999318,1.1000000000000000888,1.6499999999999999111,68.379999999999995451,68.84000000000000341,67.43000000000000682,67.81999999999999318,4795500,8.7530000000000001136,13.060000000000000497,15.640000000000000568,'2018-07-25 02:42:58.599021');
INSERT INTO reports_stock VALUES(1780,'ZION','Zions Bancorporation',13.27999999999999936,21.109999999999999431,2271791.9999999999999,2235849.9999999999999,'NASDAQ',52.249999999999999999,-1.5500000000000000444,-2.8799999999999998934,51.899999999999998578,53.280000000000001135,51.549999999999997156,52.249999999999999999,4974300,11.567999999999999616,23.129999999999999004,20.399999999999998579,'2018-07-25 02:42:58.625098');
INSERT INTO reports_stock VALUES(1789,'CADE','Cadence Bancorporation Class A',11.019999999999999573,29.379999999999999005,827286.99999999999997,1181914.9999999999999,'NYSE',28.320000000000000284,-0.10000000000000000555,-0.34999999999999997779,28.260000000000001564,28.699999999999999289,28.210000000000000851,28.320000000000000284,6397600,9.7140000000000004121,28.030000000000001136,20.019999999999999573,'2018-07-26 01:51:22.614904');
INSERT INTO reports_stock VALUES(1790,'SO','Southern Company',12.560000000000000497,10.849999999999999644,6092902.0000000000002,4338690.0000000000001,'NYSE',47.539999999999999146,0.17999999999999999333,0.38000000000000000444,47.189999999999997725,47.679999999999999717,46.659999999999996591,47.539999999999999146,4285900,14.788999999999999701,5.3799999999999998934,10.410000000000000141,'2018-07-25 02:43:00.370462');
INSERT INTO reports_stock VALUES(1794,'WERN','Werner Enterprise',21.579999999999998293,19.719999999999998863,1026179.0,1210035.0,'NASDAQ',36.149999999999998579,-4.0,-9.9600000000000008526,42.450000000000002843,42.799999999999997156,35.25,36.149999999999998579,4948100,7.3010000000000001563,38.609999999999999431,12.259999999999999786,'2018-07-25 02:43:01.475132');
INSERT INTO reports_stock VALUES(1795,'ALXN','Alexion Pharm Inc',10.380000000000000782,24.539999999999999146,1859713.9999999999999,1230884.9999999999999,'NASDAQ',135.30000000000001137,0.71999999999999997335,0.53000000000000002664,135.68000000000000681,137.33000000000001251,134.41999999999998749,135.30000000000001137,1320300,20.99200000000000088,3.4900000000000002131,7.0499999999999998223,'2018-07-25 06:01:49.537390');
INSERT INTO reports_stock VALUES(1796,'TWOU','2U Inc',16.390000000000000568,46.280000000000001136,561694.00000000000001,520125.0,'NASDAQ',84.700000000000002838,-2.5699999999999998401,-2.9399999999999999467,87.519999999999996019,88.090000000000003412,82.650000000000005684,84.700000000000002838,678500,-211.21500000000000341,68.219999999999998861,42.359999999999999433,'2018-07-25 06:02:47.656194');
INSERT INTO reports_stock VALUES(1797,'CRC','California Resources Corporatio',23.730000000000000426,83.609999999999999433,1992440.0,1788625.0,'NYSE',39.479999999999996873,-0.81999999999999995115,-2.0299999999999998046,40.490000000000001987,41.14000000000000057,39.310000000000002273,39.479999999999996873,1536200,10.888999999999999345,423.61000000000001365,3.2200000000000001953,'2018-07-25 07:09:53.817102');
INSERT INTO reports_stock VALUES(1798,'AEO','American Eagle Outfitters',1.7600000000000000088,59.929999999999999716,4355501.9999999999998,4423215.0,'NYSE',25.530000000000001136,1.0100000000000000088,4.1200000000000001065,24.460000000000000851,25.969999999999998862,24.460000000000000851,25.530000000000001136,8031400,6.6900000000000003907,119.20000000000000283,8.0199999999999995736,'2018-07-26 01:47:59.963623');
INSERT INTO reports_stock VALUES(1799,'KSS','Kohl''s Corp',9.7200000000000006394,49.89000000000000057,3969451.9999999999999,2605420.0,'NYSE',72.840000000000003411,-1.1699999999999999289,-1.580000000000000071,74.150000000000005685,74.620000000000004545,72.299999999999997159,72.840000000000003411,1700900,5.7709999999999999076,93.099999999999994313,3.5200000000000000177,'2018-07-25 07:09:55.452819');
INSERT INTO reports_stock VALUES(1800,'RH','Restoration Hardware Holdings',19.489999999999998436,68.040000000000006251,1079151.0,839615.00000000000003,'NYSE',137.65999999999999659,1.0,0.72999999999999998223,137.37999999999999545,138.86000000000001363,134.02000000000001023,137.65999999999999659,589700,15.393000000000000681,82.959999999999993747,-0.82999999999999996003,'2018-07-25 07:09:55.514914');
INSERT INTO reports_stock VALUES(1801,'BA','Boeing Company',4.5199999999999995736,40.840000000000003408,4934051.9999999999998,2759159.9999999999999,'NYSE',358.26999999999998181,5.0,1.4199999999999999289,356.75000000000000001,359.47000000000002728,354.63999999999998636,358.26999999999998181,3181900,14.685999999999999943,72.469999999999998863,6.4699999999999997513,'2018-07-25 07:09:55.754225');
INSERT INTO reports_stock VALUES(1802,'PTC','Ptc Inc',5.2199999999999997513,45.509999999999998011,972090.99999999999995,871189.99999999999998,'NASDAQ',95.790000000000006252,-1.3500000000000000888,-1.3899999999999999023,97.769999999999996024,98.299999999999997154,95.0,95.790000000000006252,1178700,62.753000000000000112,71.87999999999999545,9.9399999999999995026,'2018-07-25 07:09:55.780275');
INSERT INTO reports_stock VALUES(1803,'DSW','DSW Inc',5.0400000000000000355,43.880000000000002557,1756688.9999999999999,1292769.9999999999999,'NYSE',26.980000000000000427,-0.60999999999999998667,-2.2099999999999999644,27.670000000000001705,27.949999999999999289,26.809999999999998721,26.980000000000000427,936700,8.2829999999999994741,70.500000000000000001,2.8999999999999999111,'2018-07-25 07:09:55.807866');
INSERT INTO reports_stock VALUES(1804,'ATI','Allegheny Technologies Inc',5.8399999999999998578,38.240000000000001988,1865226.9999999999999,1669669.9999999999999,'NYSE',28.579999999999998294,-0.089999999999999996669,-0.30999999999999999777,28.739999999999998436,29.199999999999999289,28.499999999999999999,28.579999999999998294,3440900,18.946999999999999175,67.269999999999996022,13.060000000000000497,'2018-07-26 01:51:19.013442');
INSERT INTO reports_stock VALUES(1805,'FOXA','21st Centry Fox Class A',10.880000000000000781,45.14999999999999858,12051081.0,18521699.0,'NASDAQ',45.229999999999996873,-0.6899999999999999467,-1.5,46.079999999999998296,46.090000000000003409,45.119999999999997443,45.229999999999996873,17100000,0.0,65.31999999999999318,0.0,'2018-07-25 07:09:55.914489');
INSERT INTO reports_stock VALUES(1806,'APC','Anadarko Petroleum Corp',4.6200000000000001065,45.490000000000001987,5059263.9999999999998,3552639.9999999999999,'NYSE',73.310000000000002272,0.94999999999999995559,1.3100000000000000532,72.159999999999996588,73.489999999999994885,72.120000000000004545,73.310000000000002272,3806800,11.942999999999999616,65.31999999999999318,-19.170000000000001705,'2018-07-26 01:51:23.226227');
INSERT INTO reports_stock VALUES(1807,'FOX','21st Centry Fox Class B',10.55000000000000071,45.890000000000000569,3827184.9999999999999,5184305.0,'NASDAQ',44.909999999999996589,-0.63000000000000000444,-1.3799999999999998934,45.500000000000000001,45.679999999999999714,44.840000000000003409,44.909999999999996589,3458100,14.428000000000000824,65.260000000000005114,-1.8999999999999999111,'2018-07-25 07:09:55.947159');
INSERT INTO reports_stock VALUES(1808,'ARI','Apollo Commercial Real Estate',0.36999999999999999555,7.6799999999999997157,1530829.9999999999999,959979.99999999999998,'NYSE',19.019999999999999573,0.17000000000000001221,0.9000000000000000222,18.829999999999998294,19.089999999999999857,18.820000000000000284,19.019999999999999573,1443500,18.414999999999999147,15.480000000000000426,9.3699999999999992184,'2018-07-26 01:48:01.258718');
INSERT INTO reports_stock VALUES(1809,'BAX','Baxter International Inc',0.0,23.129999999999999004,3053621.0,2197440.0,'NYSE',76.510000000000005114,0.96999999999999997335,1.2800000000000000266,75.349999999999994317,76.510000000000005114,75.349999999999994317,76.510000000000005114,2552700,16.524999999999998578,21.640000000000000567,8.1600000000000001421,'2018-07-26 01:48:01.275091');
INSERT INTO reports_stock VALUES(1810,'BXMT','Blackstone Mortgage Trust Inc Cl A',1.3100000000000000532,10.439999999999999502,958538.99999999999997,972669.99999999999996,'NYSE',32.950000000000002841,0.23999999999999999111,0.72999999999999998223,32.899999999999998579,33.380000000000002557,32.75999999999999801,32.950000000000002841,2117800,46.146000000000000794,14.220000000000000639,43.149999999999998578,'2018-07-26 01:48:01.523187');
INSERT INTO reports_stock VALUES(1811,'BR','Broadridge Financial Solutions Llc',0.029999999999999998889,40.329999999999998293,960492.00000000000002,743149.99999999999998,'NYSE',119.95999999999999375,1.8100000000000000532,1.5300000000000000266,118.40000000000000568,120.0,117.57999999999999829,119.95999999999999375,678700,18.204999999999998294,56.479999999999996873,6.2400000000000002131,'2018-07-26 01:48:01.607990');
INSERT INTO reports_stock VALUES(1812,'CNI','Canadian National Railway Company',0.029999999999999998889,21.329999999999998295,1335406.0,1059655.0,'NYSE',89.730000000000003975,4.8099999999999996092,5.6600000000000001421,87.299999999999997159,89.760000000000005112,87.189999999999997729,89.730000000000003975,1505400,0.0,7.2000000000000001776,0.0,'2018-07-26 01:51:23.199135');
INSERT INTO reports_stock VALUES(1813,'EW','Edwards Lifesciences Corp',0.23999999999999999111,35.399999999999998579,1315918.0,1085945.0,'NYSE',155.12000000000000454,2.8100000000000000532,1.8400000000000000799,152.65000000000000568,155.49999999999999999,152.0800000000000125,155.12000000000000454,1157900,26.722999999999998976,30.019999999999999573,1.2800000000000000266,'2018-07-26 01:48:01.663797');
INSERT INTO reports_stock VALUES(1814,'EPD','Enterprise Products Partners LP',0.2000000000000000111,22.219999999999998862,5519741.9999999999999,3655574.9999999999999,'NYSE',29.699999999999999289,0.4500000000000000111,1.5400000000000000355,29.269999999999999572,29.760000000000001563,29.129999999999999006,29.699999999999999289,5774900,13.762000000000000454,13.679999999999999715,27.019999999999999573,'2018-07-26 01:48:01.678898');
INSERT INTO reports_stock VALUES(1815,'EVTC','Evertec Inc',0.2000000000000000111,48.570000000000000282,860415.00000000000003,492775.0,'NYSE',24.5,0.6500000000000000222,2.7299999999999999822,24.0,24.55000000000000071,23.85000000000000142,24.5,586200,11.102999999999999758,33.950000000000002842,8.8800000000000007815,'2018-07-26 01:48:01.692594');
INSERT INTO reports_stock VALUES(1816,'FDC','First Data Corp',0.17000000000000001221,36.810000000000002273,7502348.9999999999999,5312829.9999999999999,'NYSE',23.30999999999999872,0.57999999999999996003,2.5499999999999998223,22.760000000000001562,23.35000000000000142,22.760000000000001562,23.30999999999999872,10525900,11.810999999999999942,21.929999999999999714,-18.530000000000001136,'2018-07-26 01:48:01.706380');
INSERT INTO reports_stock VALUES(1817,'HCA','Hca Holdings Inc',1.080000000000000071,39.740000000000001989,1987993.9999999999999,1655539.9999999999999,'NYSE',118.12999999999999545,9.9700000000000006394,9.2200000000000006394,111.84999999999999431,119.40000000000000568,111.40999999999999658,118.12999999999999545,4995000,8.1089999999999999857,26.489999999999998437,7.5300000000000002486,'2018-07-26 01:48:01.813946');
INSERT INTO reports_stock VALUES(1818,'IQV','Iqvia Holdings Inc',0.089999999999999996669,30.170000000000001705,1325693.9999999999999,1496955.0,'NYSE',125.23999999999999488,6.8600000000000003197,5.7900000000000000355,119.54999999999999715,125.34999999999999431,118.96999999999999886,125.23999999999999488,3040300,16.951000000000000511,21.420000000000001705,8.5999999999999996447,'2018-07-26 01:51:23.212205');
INSERT INTO reports_stock VALUES(1819,'INFY','Infosys Ltd',0.48999999999999999111,32.560000000000002273,6201287.9999999999999,7152089.9999999999999,'NYSE',20.579999999999998294,0.19000000000000000222,0.93000000000000004884,20.440000000000001279,20.679999999999999714,20.410000000000000142,20.579999999999998294,3765700,0.0,33.479999999999996874,0.0,'2018-07-26 01:48:01.844949');
INSERT INTO reports_stock VALUES(1820,'KKR','KKR & Co. LP',0.42999999999999999333,35.25999999999999801,4132300.0,9432629.9999999999998,'NYSE',27.739999999999998437,0.23999999999999999111,0.86999999999999999555,27.480000000000000426,27.85999999999999943,27.429999999999999716,27.739999999999998437,7870700,13.864000000000000767,47.210000000000000852,-38.439999999999997725,'2018-07-26 01:48:01.860107');
INSERT INTO reports_stock VALUES(1821,'KN','Knowles Corp',0.059999999999999997779,38.439999999999997725,1126269.9999999999999,770080.00000000000001,'NYSE',17.769999999999999574,2.1000000000000000888,13.400000000000000354,16.390000000000000568,17.780000000000001136,16.390000000000000568,17.769999999999999574,3614200,7.5480000000000000426,-5.2599999999999997868,6.0599999999999996092,'2018-07-26 01:51:19.066493');
INSERT INTO reports_stock VALUES(1822,'LW','Lamb Weston Holdings Inc',1.2900000000000000355,39.070000000000000284,1098461.0,886075.00000000000003,'NYSE',70.409999999999996591,2.0699999999999998401,3.0299999999999998046,68.629999999999995452,71.310000000000002273,68.099999999999994313,70.409999999999996591,1789300,13.547000000000000597,51.740000000000001987,12.349999999999999644,'2018-07-26 01:48:02.062791');
INSERT INTO reports_stock VALUES(1823,'LLY','Eli Lilly and Company',0.23000000000000000999,23.579999999999998294,4283404.9999999999997,3412710.0,'NYSE',96.430000000000006821,3.080000000000000071,3.2999999999999998223,93.159999999999996587,96.65000000000000568,93.030000000000001138,96.430000000000006821,8460200,25.600999999999999091,13.169999999999999929,9.0199999999999995736,'2018-07-26 01:51:23.910120');
INSERT INTO reports_stock VALUES(1824,'MDT','Medtronic Inc',0.25,14.839999999999999857,5033934.9999999999998,3968299.9999999999999,'NYSE',89.730000000000003975,0.81999999999999995115,0.92000000000000003996,88.650000000000005687,89.950000000000002843,88.650000000000005687,89.730000000000003975,3429000,14.612999999999999545,6.9400000000000003907,2.8799999999999998934,'2018-07-26 01:48:02.526133');
INSERT INTO reports_stock VALUES(1825,'MSI','Motorola Solutions',0.070000000000000006661,33.200000000000002842,1200699.0,986420.00000000000002,'NYSE',124.04999999999999716,2.580000000000000071,2.1200000000000001065,121.18000000000000681,124.14000000000000056,121.18000000000000681,124.04999999999999716,1029100,12.355000000000000426,36.729999999999996874,14.599999999999999644,'2018-07-26 01:48:02.543930');
INSERT INTO reports_stock VALUES(1826,'NSC','Norfolk Southern Corp',0.23999999999999999111,33.810000000000002273,1791706.0,1810850.0,'NYSE',168.36000000000001364,7.8799999999999998934,4.9100000000000001421,156.75,168.75999999999999091,155.3499999999999943,168.36000000000001364,3607600,10.49600000000000044,41.50999999999999801,5.5099999999999997868,'2018-07-26 01:48:02.570838');
INSERT INTO reports_stock VALUES(1827,'RSG','Republic Services',0.16000000000000000333,14.630000000000000781,1611043.9999999999999,1312920.0,'NYSE',70.590000000000003412,2.1800000000000001598,3.1899999999999999467,68.359999999999999432,70.700000000000002842,68.359999999999999432,70.590000000000003412,2935800,10.757999999999999119,8.25,1.4499999999999999555,'2018-07-26 01:48:02.756719');
INSERT INTO reports_stock VALUES(1828,'RHI','Robert Half International Inc',0.20999999999999999222,42.399999999999998579,1179834.0,1161505.0,'NYSE',74.510000000000005115,5.5400000000000000355,8.0299999999999993605,72.260000000000005116,74.670000000000001706,71.109999999999999433,74.510000000000005115,3396300,11.64199999999999946,49.030000000000001137,8.3900000000000005684,'2018-07-26 01:51:21.478839');
INSERT INTO reports_stock VALUES(1829,'SPGI','S&P Global Inc',0.14000000000000001332,31.530000000000001137,1235448.9999999999999,809245.0,'NYSE',214.78000000000000114,1.65999999999999992,0.78000000000000002664,213.00000000000000001,215.08000000000001251,212.41999999999998749,214.78000000000000114,1017700,18.219000000000001193,38.799999999999997157,7.8499999999999996447,'2018-07-26 01:48:02.858959');
INSERT INTO reports_stock VALUES(1830,'TPGE','Tpg Pace Energy Holdings Corp Class A',1.8799999999999998934,24.289999999999999148,844307.00000000000002,1582009.9999999999999,'NYSE',12.759999999999999786,-0.020000000000000000416,-0.16000000000000000333,12.990000000000000212,12.999999999999999999,12.679999999999999715,12.759999999999999786,1386800,NULL,29.089999999999999857,0.0,'2018-07-26 01:48:02.958756');
INSERT INTO reports_stock VALUES(1831,'TGT','Target Corp',0.23999999999999999111,32.619999999999997441,5697786.0,3562624.9999999999998,'NYSE',79.989999999999994882,0.63000000000000000444,0.79000000000000003552,79.599999999999994314,80.180000000000006821,79.159999999999996591,79.989999999999994882,3656800,7.0599999999999996092,52.560000000000002273,3.4399999999999999467,'2018-07-26 01:48:02.974911');
INSERT INTO reports_stock VALUES(1832,'THC','Tenet Healthcare Corp',1.3600000000000000976,68.469999999999998862,2132202.9999999999999,1662314.9999999999999,'NYSE',38.85000000000000142,1.9399999999999999467,5.2599999999999997868,37.390000000000000568,39.380000000000002558,37.380000000000002558,38.85000000000000142,6663200,10.180999999999999161,89.090000000000003407,-2.3700000000000001065,'2018-07-26 01:48:03.082629');
INSERT INTO reports_stock VALUES(1833,'TMO','Thermo Fisher Scientific Inc',0.25,25.820000000000000283,1436736.9999999999999,1388730.0,'NYSE',229.28000000000000114,7.8799999999999998934,3.5600000000000000532,225.99999999999999999,229.84999999999999431,223.0,229.28000000000000114,2304400,21.832000000000000739,21.920000000000001705,22.829999999999998293,'2018-07-26 01:48:03.099596');
INSERT INTO reports_stock VALUES(1834,'TSS','Total System Services',3.6899999999999999467,33.429999999999999715,1278602.0,1263435.0,'NYSE',94.340000000000003412,3.7700000000000000177,4.1600000000000001421,91.400000000000005684,97.81999999999999318,91.400000000000005684,94.340000000000003412,2375000,17.227000000000000312,46.100000000000001419,-16.679999999999999716,'2018-07-26 01:51:21.872238');
INSERT INTO reports_stock VALUES(1835,'WPZ','Williams Partners LP',0.35999999999999998667,26.260000000000001563,1559348.0,1582949.9999999999999,'NYSE',44.399999999999998578,0.46000000000000001998,1.0500000000000000444,43.799999999999997156,44.560000000000002272,43.789999999999999146,44.399999999999998578,2097000,15.660999999999999587,13.820000000000000284,5.0400000000000000355,'2018-07-26 01:51:24.332319');
INSERT INTO reports_stock VALUES(1836,'ALLK','Allakos Inc.',2.1400000000000001243,33.84000000000000341,1396439.9999999999999,NULL,'NASDAQ',39.299999999999997157,1.1799999999999999378,3.1000000000000000888,38.299999999999997158,40.140000000000000566,37.820000000000000284,39.299999999999997157,543500,NULL,16.129999999999999005,0.0,'2018-07-26 01:48:03.507160');
INSERT INTO reports_stock VALUES(1837,'BIIB','Biogen Inc',1.2600000000000000088,35.079999999999998295,1787129.0,2456210.0,'NASDAQ',383.82999999999998408,10.990000000000000213,2.9500000000000001776,374.10000000000002272,388.6700000000000159,372.93999999999999771,383.82999999999998408,4721200,10.320000000000000284,25.789999999999999146,9.0299999999999993605,'2018-07-26 01:51:24.122811');
INSERT INTO reports_stock VALUES(1838,'CSX','CSX Corp',0.17000000000000001221,32.359999999999999431,6104272.9999999999998,6289835.0000000000001,'NASDAQ',70.950000000000002843,1.8000000000000000444,2.6000000000000000888,69.040000000000006251,71.069999999999993178,68.780000000000001136,70.950000000000002843,6655100,11.893000000000000682,40.429999999999999714,5.7599999999999997868,'2018-07-26 01:48:03.763989');
INSERT INTO reports_stock VALUES(1839,'CDNS','Cadence Design Sys',0.040000000000000000832,24.170000000000001704,2395437.0,1480649.9999999999999,'NASDAQ',46.799999999999997157,1.3000000000000000444,2.8599999999999998756,45.600000000000001421,46.820000000000000285,45.560000000000002275,46.799999999999997157,2503400,25.594999999999998863,29.739999999999998437,8.2200000000000006394,'2018-07-26 01:51:22.989078');
INSERT INTO reports_stock VALUES(1840,'ENDP','Endo Int''l Plc',0.080000000000000001665,56.189999999999997726,5931822.9999999999998,4821879.9999999999998,'NASDAQ',12.02999999999999936,0.4000000000000000222,3.4399999999999999467,11.619999999999999218,12.039999999999999146,11.570000000000000284,12.02999999999999936,3415900,-6.9059999999999996944,0.6899999999999999467,-32.49000000000000199,'2018-07-26 01:48:03.870037');
INSERT INTO reports_stock VALUES(1841,'FLIR','Flir Systems Inc',0.32000000000000000666,37.820000000000000284,1018175.9999999999999,1016474.9999999999999,'NASDAQ',58.590000000000003409,6.1799999999999997157,11.789999999999999147,53.990000000000001991,58.780000000000001136,53.460000000000000852,58.590000000000003409,3183400,18.766999999999999459,36.969999999999998863,8.0600000000000004973,'2018-07-26 01:48:04.003197');
INSERT INTO reports_stock VALUES(1842,'QQQ','Nasdaq QQQ ETF',0.059999999999999997779,23.320000000000000283,41720815.999999999999,31823395.0,'NASDAQ',182.81999999999999318,2.5200000000000000177,1.3999999999999999111,180.36000000000001364,182.93000000000000682,180.28999999999999203,182.81999999999999318,36022000,0.0,25.030000000000001136,0.0,'2018-07-26 01:48:04.131146');
INSERT INTO reports_stock VALUES(1843,'TQQQ','Ultrapro QQQ Proshares',0.19000000000000000222,50.310000000000002274,15993859.999999999999,9493019.9999999999999,'NASDAQ',68.68000000000000682,2.75,4.1699999999999999289,66.019999999999996022,68.810000000000002273,65.969999999999998862,68.68000000000000682,9824600,0.0,72.040000000000006252,0.0,'2018-07-26 01:48:04.173982');
INSERT INTO reports_stock VALUES(1844,'VRSN','Verisign Inc',0.11000000000000000055,35.740000000000001988,1010359.9999999999999,571144.99999999999999,'NASDAQ',151.18999999999999772,2.7599999999999997868,1.8600000000000000976,148.90000000000000568,151.34999999999999431,148.90000000000000568,151.18999999999999772,778800,16.804999999999999715,49.189999999999997727,3.7000000000000001776,'2018-07-26 01:48:04.806477');
INSERT INTO reports_stock VALUES(1845,'VRAY','Viewray Inc Cm ST',10.080000000000000071,63.329999999999998295,808493.99999999999998,1618324.9999999999999,'NASDAQ',12.0,2.4500000000000001776,25.649999999999998578,10.55000000000000071,13.210000000000000852,10.55000000000000071,12.0,16122600,-10.721999999999999531,100.62999999999999545,2034.4700000000000273,'2018-07-26 01:48:04.907097');
INSERT INTO reports_stock VALUES(1846,'DUK','Duke Energy Corp',14.490000000000000212,10.249999999999999999,3829576.9999999999999,3318109.9999999999999,'NYSE',80.180000000000006821,0.28999999999999998001,0.35999999999999998667,79.790000000000006253,80.620000000000004549,79.689999999999997725,80.180000000000006821,2581200,10.672000000000000597,-1.1799999999999999378,7.0899999999999998578,'2018-07-26 01:51:18.986157');
INSERT INTO reports_stock VALUES(1847,'D','Dominion Resources',20.089999999999999858,13.369999999999999217,4557674.0,3250804.9999999999999,'NYSE',71.030000000000001136,0.11999999999999999555,0.17000000000000001221,70.930000000000006819,71.5,70.480000000000003978,71.030000000000001136,2269700,13.185999999999999943,-3.4599999999999999644,2.4199999999999999289,'2018-07-26 01:51:19.028209');
INSERT INTO reports_stock VALUES(1848,'PCAR','Paccar Inc',24.190000000000001279,6.7800000000000002486,2406388.0000000000001,2021979.9999999999999,'NASDAQ',64.170000000000001704,0.92000000000000003996,1.4499999999999999555,62.049999999999997158,64.26999999999999602,62.049999999999997158,64.170000000000001704,3616500,8.1140000000000007673,-7.080000000000000071,33.420000000000001706,'2018-07-26 01:51:19.042004');
INSERT INTO reports_stock VALUES(1849,'PPG','PPG Industries',11.699999999999999289,8.1600000000000001421,1739134.9999999999999,1860510.0,'NYSE',109.28000000000000113,3.2299999999999999822,3.0499999999999998223,108.01000000000000511,109.60999999999999943,107.39000000000000057,109.28000000000000113,1933700,11.215999999999999303,2.2799999999999998046,8.5999999999999996447,'2018-07-26 01:51:19.055268');
INSERT INTO reports_stock VALUES(1850,'SAVE','Spirit Airlines Inc',18.109999999999999431,26.780000000000001136,1418982.0,1784914.9999999999999,'NYSE',41.40999999999999659,0.83999999999999996891,2.0699999999999998401,41.170000000000001707,41.560000000000002274,40.280000000000001137,41.40999999999999659,1984200,7.2409999999999996589,-16.629999999999999005,19.350000000000001421,'2018-07-26 01:51:19.487654');
INSERT INTO reports_stock VALUES(1851,'STLD','Steel Dynamics Inc',5.0400000000000000355,35.079999999999998295,2343211.0,1487385.0,'NASDAQ',49.600000000000001422,0.47999999999999998223,0.97999999999999998223,49.159999999999996591,49.640000000000000569,48.939999999999997727,49.600000000000001422,2226700,8.6189999999999997726,33.109999999999999431,9.9499999999999992894,'2018-07-26 01:51:19.517036');
INSERT INTO reports_stock VALUES(1852,'AVGO','Broadcom Ltd',26.420000000000001705,12.619999999999999218,4351968.0,7695735.0000000000001,'NASDAQ',225.96999999999999885,8.6300000000000007815,3.9700000000000001953,217.71000000000000796,228.65000000000000569,217.71000000000000796,225.96999999999999885,9362800,13.477000000000000312,-11.970000000000000639,19.670000000000001705,'2018-07-26 01:51:19.903036');
INSERT INTO reports_stock VALUES(1853,'CIT','Cit Group Inc [Del]',5.9000000000000003552,18.410000000000000142,1268547.0,1128155.0,'NYSE',53.009999999999998011,-0.070000000000000006661,-0.13000000000000000444,53.109999999999999431,53.560000000000002272,52.789999999999999147,53.009999999999998011,1032200,20.794000000000000482,9.9499999999999992894,-2.2900000000000000355,'2018-07-26 01:51:19.917356');
INSERT INTO reports_stock VALUES(1854,'IPG','Interpublic Group of Companies',16.120000000000000994,18.30000000000000071,4879768.0000000000001,4730390.0000000000001,'NYSE',22.399999999999998579,0.57999999999999996003,2.6600000000000001421,22.039999999999999146,22.530000000000001136,21.859999999999999431,22.399999999999998579,7594100,9.2820000000000000284,2.1000000000000000888,9.4199999999999999289,'2018-07-26 01:51:20.237135');
INSERT INTO reports_stock VALUES(1855,'AMP','Ameriprise Financial Services',26.60999999999999943,10.589999999999999858,1111820.0,997290.0,'NYSE',145.24999999999999999,2.7900000000000000355,1.9599999999999999644,144.46999999999999886,149.24999999999999999,142.52000000000001022,145.24999999999999999,1787000,6.0430000000000001492,5.9699999999999997513,8.2699999999999995736,'2018-07-26 01:51:20.252440');
INSERT INTO reports_stock VALUES(1856,'RDUS','Radius Health',75.390000000000000567,5.7699999999999995736,786188.99999999999998,678484.99999999999999,'NASDAQ',26.170000000000001704,-1.5600000000000000532,-5.6299999999999998934,27.05999999999999872,28.809999999999998721,25.820000000000000283,26.170000000000001704,1595400,-6.8730000000000002202,-35.420000000000001704,-89.629999999999995455,'2018-07-26 01:51:20.362763');
INSERT INTO reports_stock VALUES(1857,'CAKE','Cheesecake Fact',2.2999999999999998223,34.719999999999998862,1012345.9999999999999,721014.99999999999999,'NASDAQ',58.729999999999996872,0.41999999999999998445,0.71999999999999997335,58.380000000000002559,58.799999999999997156,57.719999999999998863,58.729999999999996872,696300,9.4960000000000004405,23.859999999999999431,4.8399999999999998578,'2018-07-26 01:51:20.379332');
INSERT INTO reports_stock VALUES(1858,'MMM','3M Company',27.10000000000000142,6.7599999999999997868,2743521.9999999999999,2409325.0,'NYSE',204.37999999999999544,3.7000000000000001776,1.8400000000000000799,200.62999999999999545,204.49000000000000908,200.52000000000001023,204.37999999999999544,3345500,17.256000000000000227,-2.1699999999999999289,7.7199999999999997513,'2018-07-26 01:51:20.394881');
INSERT INTO reports_stock VALUES(1859,'OI','Owens-Illinois',44.289999999999999148,9.6400000000000005684,1512590.9999999999999,1598060.0,'NYSE',17.949999999999999289,-0.46000000000000001998,-2.5,18.410000000000000142,18.670000000000001705,17.829999999999998294,17.949999999999999289,2312800,9.0890000000000004121,-25.25,1.1999999999999999555,'2018-07-26 01:51:21.033056');
INSERT INTO reports_stock VALUES(1860,'BPL','Buckeye Partners LP',93.370000000000004545,4.2999999999999998223,1023888.9999999999999,1240290.0,'NYSE',33.469999999999998862,0.42999999999999999333,1.3000000000000000444,33.039999999999999148,33.499999999999999999,32.700000000000002842,33.469999999999998862,811200,10.775000000000000355,-42.369999999999997442,22.05999999999999872,'2018-07-26 01:51:21.048118');
INSERT INTO reports_stock VALUES(1861,'EIX','Edison International',24.760000000000001562,13.769999999999999573,2622658.0000000000001,1917870.0,'NYSE',66.829999999999998294,0.77000000000000001776,1.1699999999999999289,66.090000000000003409,67.39000000000000057,65.959999999999993748,66.829999999999998294,2482300,9.5839999999999996305,-12.669999999999999928,4.0999999999999996447,'2018-07-26 01:51:21.383672');
INSERT INTO reports_stock VALUES(1862,'HAS','Hasbro Inc',5.8099999999999996092,22.300000000000000711,1556469.0,1922545.0,'NASDAQ',101.6700000000000017,0.56000000000000005329,0.5500000000000000444,101.01000000000000512,102.06000000000000226,100.56000000000000227,101.6700000000000017,1494100,12.028999999999999914,3.5099999999999997868,-15.689999999999999502,'2018-07-26 01:51:21.494988');
INSERT INTO reports_stock VALUES(1863,'CROX','Crocs Inc',4.8799999999999998934,58.619999999999997442,1033648.9999999999999,871295.00000000000003,'NASDAQ',18.629999999999999005,1.5,8.7599999999999997868,17.80000000000000071,18.649999999999998578,17.489999999999998436,18.629999999999999005,1472300,15.057000000000000383,114.93000000000000681,5.6900000000000003907,'2018-07-26 01:51:21.576229');
INSERT INTO reports_stock VALUES(1864,'IPHI','Inphi Corp',32.619999999999997441,29.230000000000000426,848126.00000000000002,596079.99999999999999,'NYSE',33.420000000000001706,-0.81000000000000005329,-2.3700000000000001065,34.679999999999999715,35.820000000000000283,32.020000000000003125,33.420000000000001706,1917600,-180.80600000000001159,-12.720000000000000639,-35.740000000000001988,'2018-07-26 01:51:21.592159');
INSERT INTO reports_stock VALUES(1865,'GPK','Graphic Packaging Holding Company',17.309999999999998721,11.349999999999999644,3418750.9999999999999,3851404.9999999999999,'NYSE',14.269999999999999573,-0.13000000000000000444,-0.9000000000000000222,14.249999999999999999,14.52999999999999936,14.019999999999999574,14.269999999999999573,7568100,10.151999999999999247,10.189999999999999503,37.869999999999997442,'2018-07-26 01:51:21.847593');
INSERT INTO reports_stock VALUES(1866,'ETR','Entergy Corp',10.980000000000000425,9.2100000000000008526,1534907.0,1669650.0,'NYSE',79.250000000000000001,0.27000000000000001776,0.34000000000000002442,78.900000000000005684,79.560000000000002272,78.709999999999993745,79.250000000000000001,1146200,7.9379999999999997228,8.2799999999999993605,5.2300000000000004263,'2018-07-26 01:51:21.887224');
INSERT INTO reports_stock VALUES(1867,'CERN','Cerner Corp',20.980000000000000425,14.740000000000000213,2410441.9999999999999,1347294.9999999999999,'NASDAQ',61.049999999999997159,0.52000000000000001776,0.85999999999999998667,60.630000000000002558,61.149999999999998579,60.25999999999999801,61.049999999999997159,963000,12.771000000000000795,-7.9299999999999997157,2.5699999999999998401,'2018-07-26 01:51:21.901653');
INSERT INTO reports_stock VALUES(1868,'STT','State Street Corp',31.030000000000001136,3.0400000000000000355,1860220.9999999999999,2666040.0,'NYSE',87.209999999999993748,-0.54000000000000003552,-0.61999999999999999555,87.579999999999998292,87.70999999999999375,86.700000000000002845,87.209999999999993748,2739100,-8.6349999999999997868,-3.2599999999999997868,13.160000000000000141,'2018-07-26 01:51:21.916499');
INSERT INTO reports_stock VALUES(1869,'BHGE','Baker Hughes A Ge Co. Cl. A',14.519999999999999573,23.260000000000001564,4797398.0,3725365.0,'NYSE',33.270000000000003125,0.28000000000000002664,0.84999999999999997779,33.100000000000001421,33.460000000000000852,32.570000000000000283,33.270000000000003125,4975600,NULL,-3.3799999999999998934,53.560000000000002272,'2018-07-26 01:51:22.498461');
INSERT INTO reports_stock VALUES(1870,'HOG','Harley-Davidson Inc',25.30000000000000071,12.749999999999999999,2588073.9999999999999,2294245.0,'NYSE',45.09000000000000341,0.46000000000000001998,1.0300000000000000266,44.810000000000002272,45.520000000000003124,42.96000000000000085,45.09000000000000341,5655600,16.035000000000000142,-4.3399999999999998578,2.6800000000000001598,'2018-07-26 01:51:22.602060');
INSERT INTO reports_stock VALUES(1871,'DTE','Dte Energy Company',7.7900000000000000355,12.970000000000000639,1279726.9999999999999,1142059.9999999999999,'NYSE',108.29999999999999715,1.580000000000000071,1.4799999999999999822,107.98999999999999488,109.56999999999999318,107.48000000000000397,108.29999999999999715,1939400,10.954000000000000625,3.7000000000000001776,10.650000000000000355,'2018-07-26 01:51:22.787096');
INSERT INTO reports_stock VALUES(1872,'CSTM','Constellium N.V.',13.25,36.549999999999997156,1195677.0,1118674.9999999999999,'NYSE',12.449999999999999289,0.14999999999999999444,1.2199999999999999733,12.55000000000000071,12.849999999999999645,12.099999999999999644,12.449999999999999289,2146900,0.0,53.75,0.0,'2018-07-26 01:51:22.868650');
INSERT INTO reports_stock VALUES(1873,'CMS','Cms Energy Corp',6.2000000000000001776,15.460000000000000853,2839491.0,2472405.0,'NYSE',47.880000000000002557,0.46999999999999997335,0.98999999999999999111,47.409999999999996589,48.020000000000003124,47.320000000000000282,47.880000000000002557,4385200,9.2319999999999993178,5.8499999999999996447,6.7800000000000002486,'2018-07-26 01:51:22.959316');
INSERT INTO reports_stock VALUES(1874,'SYK','Stryker Corp',5.7999999999999998223,18.989999999999998436,1340050.0,989064.99999999999998,'NYSE',169.97999999999998977,-2.9399999999999999467,-1.6999999999999999555,168.49999999999999999,170.74000000000000908,166.06999999999999317,169.97999999999998977,2777100,26.689000000000000056,19.160000000000000142,9.6799999999999997157,'2018-07-26 01:51:22.976621');
INSERT INTO reports_stock VALUES(1875,'BTU','Peabody Energy Corp',10.740000000000000212,38.399999999999998578,1145889.0,989709.99999999999998,'NYSE',43.200000000000002842,-0.29999999999999998889,-0.6899999999999999467,44.189999999999997727,44.770000000000003126,42.789999999999999147,43.200000000000002842,1124300,2.8719999999999998863,59.929999999999999716,10.289999999999999147,'2018-07-26 01:51:23.094749');
INSERT INTO reports_stock VALUES(1876,'AEP','American Electric Power Company',12.52999999999999936,9.6099999999999994315,3243655.9999999999999,2953189.9999999999999,'NYSE',69.37999999999999545,0.32000000000000000666,0.46000000000000001998,68.75,69.840000000000003409,68.499999999999999999,69.37999999999999545,2577400,10.272999999999999687,3.9900000000000002131,2.9199999999999999289,'2018-07-26 01:51:23.156479');
INSERT INTO reports_stock VALUES(1877,'PM','Philip Morris International Inc',42.5,9.0700000000000002842,6370825.0000000000001,6389394.9999999999998,'NYSE',83.810000000000002273,0.25,0.29999999999999998889,84.430000000000006822,84.959999999999993745,83.390000000000000564,83.810000000000002273,6225800,14.816000000000000725,-26.539999999999999147,13.720000000000000639,'2018-07-26 01:51:23.240498');
INSERT INTO reports_stock VALUES(1878,'WHR','Whirlpool Corp',54.960000000000000853,1.1299999999999998934,1319006.9999999999999,1597940.0,'NYSE',124.20999999999999374,-4.6100000000000003197,-3.580000000000000071,128.27000000000001023,128.55000000000001137,122.81000000000000227,124.20999999999999374,4774800,18.710999999999998522,-18.510000000000001563,2.6099999999999998756,'2018-07-26 01:51:23.262348');
INSERT INTO reports_stock VALUES(1879,'LMT','Lockheed Martin Corp',11.910000000000000141,11.769999999999999573,1526448.9999999999999,1343475.0,'NYSE',324.36000000000001365,1.7900000000000000355,0.5500000000000000444,323.05000000000001136,324.97000000000002728,316.67000000000001592,324.36000000000001365,2102200,12.737000000000000099,13.830000000000000071,6.6500000000000003552,'2018-07-26 01:51:23.419672');
INSERT INTO reports_stock VALUES(1880,'FNB','F.N.B. Corp',17.679999999999999715,5.1299999999999998934,2565722.9999999999999,2497994.9999999999999,'NYSE',12.669999999999999928,-0.39000000000000001332,-2.9900000000000002131,12.539999999999999147,12.849999999999999645,12.439999999999999502,12.669999999999999928,7339200,15.506000000000000227,-2.6600000000000001421,28.609999999999999431,'2018-07-26 01:51:23.603993');
INSERT INTO reports_stock VALUES(1881,'HA','Hawaiian Hldgs Inc',11.169999999999999928,18.699999999999999289,921700.99999999999997,634590.0,'NASDAQ',39.850000000000001421,3.5,9.6300000000000007815,38.299999999999997158,40.700000000000002842,38.049999999999997157,39.850000000000001421,2798600,4.0609999999999999431,-16.960000000000000852,9.7699999999999995736,'2018-07-26 01:51:23.686657');
INSERT INTO reports_stock VALUES(1882,'FE','Firstenergy Corp',6.5700000000000002842,15.519999999999999573,5858105.9999999999998,4090545.0,'NYSE',34.719999999999998862,0.17000000000000001221,0.48999999999999999111,34.490000000000001988,35.119999999999997441,34.490000000000001988,34.719999999999998862,4046000,9.0220000000000002415,17.010000000000001563,4.2400000000000002131,'2018-07-26 01:51:23.787522');
INSERT INTO reports_stock VALUES(1883,'DVN','Devon Energy Corp',2.8100000000000000532,34.219999999999998862,7294537.0000000000001,5455524.9999999999997,'NYSE',45.270000000000003128,0.70999999999999996447,1.5900000000000000799,44.590000000000003408,45.380000000000002557,44.469999999999998861,45.270000000000003128,4528300,8.3219999999999991757,41.390000000000000566,7.2900000000000000355,'2018-07-26 01:51:23.799624');
INSERT INTO reports_stock VALUES(1884,'EWBC','East West Bancorp',13.589999999999999857,18.839999999999999857,875981.99999999999997,804095.00000000000002,'NASDAQ',65.129999999999995453,-0.83999999999999996891,-1.2700000000000000177,66.18000000000000682,66.280000000000001136,64.819999999999993178,65.129999999999995453,660300,8.1020000000000003126,15.789999999999999146,0.010000000000000000208,'2018-07-26 01:51:23.937945');
INSERT INTO reports_stock VALUES(1885,'CMA','Comerica Inc',6.830000000000000071,33.359999999999999432,1608887.9999999999999,1915749.9999999999999,'NYSE',96.099999999999994315,0.59999999999999997779,0.63000000000000000444,96.730000000000003982,97.569999999999993175,94.989999999999994882,96.099999999999994315,2062300,10.804999999999999715,32.219999999999998862,7.7199999999999997513,'2018-07-26 01:51:24.105888');
INSERT INTO reports_stock VALUES(1886,'APA','Apache Corp',12.060000000000000497,26.480000000000000425,4493914.9999999999998,3084265.0,'NYSE',45.700000000000002842,0.6500000000000000222,1.4399999999999999467,45.14999999999999858,45.990000000000001989,44.89000000000000057,45.700000000000002842,2066400,6.6859999999999999431,-3.8900000000000001243,14.289999999999999147,'2018-07-26 01:51:24.137143');
INSERT INTO reports_stock VALUES(1887,'VMC','Vulcan Materials Company',17.179999999999999715,10.230000000000000426,1347160.9999999999999,1164780.0,'NYSE',120.5,-2.080000000000000071,-1.6999999999999999555,121.93000000000000682,121.93000000000000682,117.65000000000000568,120.5,2334400,18.004999999999999005,-2.7099999999999999644,8.5299999999999993605,'2018-07-26 01:51:24.220175');
INSERT INTO reports_stock VALUES(1888,'SPOT','Spotify Technology S.A.',1.4899999999999999911,27.920000000000001704,2427520.0,1482985.0,'NYSE',187.99000000000000909,0.17999999999999999333,0.10000000000000000555,185.55000000000001136,188.09000000000000341,184.5,187.99000000000000909,2019700,0.0,26.199999999999999289,0.0,'2018-07-26 01:51:24.237253');
INSERT INTO reports_stock VALUES(1889,'ED','Consolidated Edison Company of New York',15.910000000000000142,8.0999999999999996447,1972943.9999999999999,1633160.0,'NYSE',77.39000000000000057,-0.22000000000000000111,-0.28000000000000002664,77.359999999999999433,77.879999999999995454,77.159999999999996588,77.39000000000000057,1306500,9.91200000000000081,-2.1600000000000001421,4.2099999999999999644,'2018-07-26 01:51:24.252656');
INSERT INTO reports_stock VALUES(1890,'VZ','Verizon Communications Inc',7.580000000000000071,13.630000000000000781,16362726.0,12886424.999999999999,'NYSE',50.909999999999996588,-0.59999999999999997779,-1.15999999999999992,51.689999999999997727,52.049999999999997158,50.810000000000002272,50.909999999999996588,15838000,7.2080000000000001847,23.550000000000000711,6.5700000000000002842,'2018-07-26 01:51:24.268021');
INSERT INTO reports_stock VALUES(1891,'BPOP','Popular Inc',4.2300000000000004263,35.460000000000000853,759583.99999999999998,579989.99999999999999,'NASDAQ',49.640000000000000569,-1.1999999999999999555,-2.3599999999999998756,50.869999999999997442,50.999999999999999999,49.549999999999997158,49.640000000000000569,792600,1.6220000000000001083,22.820000000000000284,-0.40999999999999997557,'2018-07-26 01:51:24.296243');
INSERT INTO reports_stock VALUES(1892,'TXT','Textron Inc',3.5499999999999998223,29.469999999999998863,1720186.9999999999999,1947334.9999999999999,'NYSE',66.980000000000003979,-0.020000000000000000416,-0.029999999999999998889,66.849999999999994313,67.150000000000005682,66.34000000000000341,66.980000000000003979,2390900,12.353999999999999203,36.530000000000001137,6.5599999999999996092,'2018-07-26 01:51:24.312226');
INSERT INTO reports_stock VALUES(1893,'HRL','Hormel Foods Corp',5.1200000000000001065,17.699999999999999289,2692923.0,2345030.0000000000001,'NYSE',36.149999999999998579,-1.15999999999999992,-3.1099999999999998756,36.520000000000003125,36.84000000000000341,35.689999999999997726,36.149999999999998579,3922900,14.394999999999999573,12.339999999999999857,6.5499999999999998223,'2018-07-26 01:51:24.413871');
INSERT INTO reports_stock VALUES(1894,'LPT','Liberty Property Trust',8.4299999999999997157,9.7899999999999991473,954283.99999999999996,829385.0,'NYSE',41.869999999999997441,-0.13000000000000000444,-0.30999999999999999777,42.049999999999997158,42.479999999999996872,41.740000000000001987,41.869999999999997441,1279700,13.374000000000000554,5.5400000000000000355,14.720000000000000639,'2018-07-26 01:51:24.509769');
INSERT INTO reports_stock VALUES(1895,'GLPI','Gaming & Leisure',7.3099999999999996092,11.269999999999999573,1252925.9999999999999,1205125.0,'NASDAQ',36.640000000000000567,0.28999999999999998001,0.8000000000000000444,36.34000000000000341,36.700000000000002841,36.320000000000000283,36.640000000000000567,1095800,15.752000000000000667,2.3599999999999998756,0.5500000000000000444,'2018-07-26 01:51:24.525156');
DELETE FROM sqlite_sequence;
INSERT INTO sqlite_sequence VALUES('django_migrations',28);
INSERT INTO sqlite_sequence VALUES('django_admin_log',1223);
INSERT INTO sqlite_sequence VALUES('django_content_type',9);
INSERT INTO sqlite_sequence VALUES('auth_permission',27);
INSERT INTO sqlite_sequence VALUES('auth_user',1);
INSERT INTO sqlite_sequence VALUES('reports_scan',8);
INSERT INTO sqlite_sequence VALUES('reports_report_stocks',2758);
INSERT INTO sqlite_sequence VALUES('reports_report',7);
INSERT INTO sqlite_sequence VALUES('reports_stock',1895);
CREATE UNIQUE INDEX auth_group_permissions_group_id_permission_id_0cd325b0_uniq ON "auth_group_permissions" ("group_id", "permission_id");
CREATE INDEX "auth_group_permissions_group_id_b120cbf9" ON "auth_group_permissions" ("group_id");
CREATE INDEX "auth_group_permissions_permission_id_84c5c92e" ON "auth_group_permissions" ("permission_id");
CREATE UNIQUE INDEX auth_user_groups_user_id_group_id_94350c0c_uniq ON "auth_user_groups" ("user_id", "group_id");
CREATE INDEX "auth_user_groups_user_id_6a12ed8b" ON "auth_user_groups" ("user_id");
CREATE INDEX "auth_user_groups_group_id_97559544" ON "auth_user_groups" ("group_id");
CREATE UNIQUE INDEX auth_user_user_permissions_user_id_permission_id_14a6b632_uniq ON "auth_user_user_permissions" ("user_id", "permission_id");
CREATE INDEX "auth_user_user_permissions_user_id_a95ead1b" ON "auth_user_user_permissions" ("user_id");
CREATE INDEX "auth_user_user_permissions_permission_id_1fbb5f2c" ON "auth_user_user_permissions" ("permission_id");
CREATE INDEX "django_admin_log_content_type_id_c4bce8eb" ON "django_admin_log" ("content_type_id");
CREATE INDEX "django_admin_log_user_id_c564eba6" ON "django_admin_log" ("user_id");
CREATE UNIQUE INDEX django_content_type_app_label_model_76bd3d3b_uniq ON "django_content_type" ("app_label", "model");
CREATE UNIQUE INDEX auth_permission_content_type_id_codename_01ab375a_uniq ON "auth_permission" ("content_type_id", "codename");
CREATE INDEX "auth_permission_content_type_id_2f476e4b" ON "auth_permission" ("content_type_id");
CREATE INDEX "django_session_expire_date_a5c62663" ON "django_session" ("expire_date");
CREATE UNIQUE INDEX reports_report_stocks_report_id_stock_id_a6c27b84_uniq ON "reports_report_stocks" ("report_id", "stock_id");
CREATE INDEX "reports_report_stocks_report_id_29e0df6e" ON "reports_report_stocks" ("report_id");
CREATE INDEX "reports_report_stocks_stock_id_2ac5f903" ON "reports_report_stocks" ("stock_id");
CREATE INDEX "reports_report_factor_id_ba502737" ON "reports_report" ("factor_id");
COMMIT;
